//! Baked glyph bitmaps. GENERATED — do not edit by hand.
//!
//! Produced by `tools/mkfont` from DejaVuSansMono.ttf, gamma 0.72. Regenerate with
//! `make font`. The licence of the source face is in `docs/FONT-LICENSE`.

use super::font::{Font, Glyph};

pub static SMALL: Font =
    Font { cell_w: 8, cell_h: 16, first: 0x20, glyphs: SMALL_GLYPHS, coverage: SMALL_COVERAGE };

static SMALL_GLYPHS: &[Glyph] = &[
    Glyph { x: 0, y: 0, w: 0, h: 0, off: 0 },     // ' '
    Glyph { x: 3, y: 2, w: 2, h: 11, off: 0 },    // '!'
    Glyph { x: 2, y: 2, w: 4, h: 5, off: 22 },    // '"'
    Glyph { x: 0, y: 3, w: 8, h: 10, off: 42 },   // '#'
    Glyph { x: 1, y: 2, w: 7, h: 13, off: 122 },  // '$'
    Glyph { x: 0, y: 3, w: 8, h: 10, off: 213 },  // '%'
    Glyph { x: 0, y: 2, w: 8, h: 11, off: 293 },  // '&'
    Glyph { x: 3, y: 2, w: 2, h: 5, off: 381 },   // '\''
    Glyph { x: 2, y: 2, w: 4, h: 13, off: 391 },  // '('
    Glyph { x: 2, y: 2, w: 4, h: 13, off: 443 },  // ')'
    Glyph { x: 1, y: 2, w: 6, h: 7, off: 495 },   // '*'
    Glyph { x: 0, y: 5, w: 8, h: 7, off: 537 },   // '+'
    Glyph { x: 2, y: 10, w: 3, h: 5, off: 593 },  // ','
    Glyph { x: 2, y: 8, w: 4, h: 2, off: 608 },   // '-'
    Glyph { x: 3, y: 10, w: 2, h: 3, off: 616 },  // '.'
    Glyph { x: 0, y: 2, w: 7, h: 12, off: 622 },  // '/'
    Glyph { x: 0, y: 2, w: 8, h: 11, off: 706 },  // '0'
    Glyph { x: 1, y: 2, w: 7, h: 11, off: 794 },  // '1'
    Glyph { x: 0, y: 2, w: 7, h: 11, off: 871 },  // '2'
    Glyph { x: 0, y: 2, w: 7, h: 11, off: 948 },  // '3'
    Glyph { x: 0, y: 2, w: 8, h: 11, off: 1025 }, // '4'
    Glyph { x: 0, y: 2, w: 7, h: 11, off: 1113 }, // '5'
    Glyph { x: 0, y: 2, w: 8, h: 11, off: 1190 }, // '6'
    Glyph { x: 0, y: 2, w: 8, h: 11, off: 1278 }, // '7'
    Glyph { x: 0, y: 2, w: 8, h: 11, off: 1366 }, // '8'
    Glyph { x: 0, y: 2, w: 8, h: 11, off: 1454 }, // '9'
    Glyph { x: 3, y: 5, w: 2, h: 8, off: 1542 },  // ':'
    Glyph { x: 2, y: 5, w: 3, h: 10, off: 1558 }, // ';'
    Glyph { x: 0, y: 5, w: 8, h: 7, off: 1588 },  // '<'
    Glyph { x: 0, y: 6, w: 8, h: 5, off: 1644 },  // '='
    Glyph { x: 0, y: 5, w: 8, h: 7, off: 1684 },  // '>'
    Glyph { x: 1, y: 2, w: 6, h: 11, off: 1740 }, // '?'
    Glyph { x: 0, y: 3, w: 8, h: 12, off: 1806 }, // '@'
    Glyph { x: 0, y: 2, w: 8, h: 11, off: 1902 }, // 'A'
    Glyph { x: 1, y: 2, w: 7, h: 11, off: 1990 }, // 'B'
    Glyph { x: 0, y: 2, w: 7, h: 11, off: 2067 }, // 'C'
    Glyph { x: 0, y: 2, w: 8, h: 11, off: 2144 }, // 'D'
    Glyph { x: 1, y: 2, w: 7, h: 11, off: 2232 }, // 'E'
    Glyph { x: 1, y: 2, w: 7, h: 11, off: 2309 }, // 'F'
    Glyph { x: 0, y: 2, w: 8, h: 11, off: 2386 }, // 'G'
    Glyph { x: 0, y: 2, w: 8, h: 11, off: 2474 }, // 'H'
    Glyph { x: 1, y: 2, w: 6, h: 11, off: 2562 }, // 'I'
    Glyph { x: 0, y: 2, w: 7, h: 11, off: 2628 }, // 'J'
    Glyph { x: 0, y: 2, w: 8, h: 11, off: 2705 }, // 'K'
    Glyph { x: 1, y: 2, w: 7, h: 11, off: 2793 }, // 'L'
    Glyph { x: 0, y: 2, w: 8, h: 11, off: 2870 }, // 'M'
    Glyph { x: 0, y: 2, w: 8, h: 11, off: 2958 }, // 'N'
    Glyph { x: 0, y: 2, w: 8, h: 11, off: 3046 }, // 'O'
    Glyph { x: 1, y: 2, w: 7, h: 11, off: 3134 }, // 'P'
    Glyph { x: 0, y: 2, w: 8, h: 13, off: 3211 }, // 'Q'
    Glyph { x: 0, y: 2, w: 8, h: 11, off: 3315 }, // 'R'
    Glyph { x: 0, y: 2, w: 8, h: 11, off: 3403 }, // 'S'
    Glyph { x: 0, y: 2, w: 8, h: 11, off: 3491 }, // 'T'
    Glyph { x: 0, y: 2, w: 8, h: 11, off: 3579 }, // 'U'
    Glyph { x: 0, y: 2, w: 8, h: 11, off: 3667 }, // 'V'
    Glyph { x: 0, y: 2, w: 8, h: 11, off: 3755 }, // 'W'
    Glyph { x: 0, y: 2, w: 8, h: 11, off: 3843 }, // 'X'
    Glyph { x: 0, y: 2, w: 8, h: 11, off: 3931 }, // 'Y'
    Glyph { x: 1, y: 2, w: 7, h: 11, off: 4019 }, // 'Z'
    Glyph { x: 3, y: 2, w: 3, h: 13, off: 4096 }, // '['
    Glyph { x: 0, y: 2, w: 7, h: 12, off: 4135 }, // '\\'
    Glyph { x: 2, y: 2, w: 3, h: 13, off: 4219 }, // ']'
    Glyph { x: 0, y: 2, w: 8, h: 5, off: 4258 },  // '^'
    Glyph { x: 0, y: 15, w: 8, h: 1, off: 4298 }, // '_'
    Glyph { x: 1, y: 1, w: 4, h: 4, off: 4306 },  // '`'
    Glyph { x: 0, y: 5, w: 7, h: 8, off: 4322 },  // 'a'
    Glyph { x: 1, y: 2, w: 7, h: 11, off: 4378 }, // 'b'
    Glyph { x: 1, y: 5, w: 6, h: 8, off: 4455 },  // 'c'
    Glyph { x: 0, y: 2, w: 7, h: 11, off: 4503 }, // 'd'
    Glyph { x: 0, y: 5, w: 8, h: 8, off: 4580 },  // 'e'
    Glyph { x: 1, y: 2, w: 6, h: 11, off: 4644 }, // 'f'
    Glyph { x: 0, y: 5, w: 7, h: 11, off: 4710 }, // 'g'
    Glyph { x: 1, y: 2, w: 6, h: 11, off: 4787 }, // 'h'
    Glyph { x: 1, y: 2, w: 7, h: 11, off: 4853 }, // 'i'
    Glyph { x: 1, y: 2, w: 5, h: 14, off: 4930 }, // 'j'
    Glyph { x: 1, y: 2, w: 7, h: 11, off: 5000 }, // 'k'
    Glyph { x: 1, y: 2, w: 6, h: 11, off: 5077 }, // 'l'
    Glyph { x: 0, y: 5, w: 8, h: 8, off: 5143 },  // 'm'
    Glyph { x: 1, y: 5, w: 6, h: 8, off: 5207 },  // 'n'
    Glyph { x: 0, y: 5, w: 8, h: 8, off: 5255 },  // 'o'
    Glyph { x: 1, y: 5, w: 7, h: 11, off: 5319 }, // 'p'
    Glyph { x: 0, y: 5, w: 7, h: 11, off: 5396 }, // 'q'
    Glyph { x: 2, y: 5, w: 6, h: 8, off: 5473 },  // 'r'
    Glyph { x: 1, y: 5, w: 6, h: 8, off: 5521 },  // 's'
    Glyph { x: 0, y: 3, w: 7, h: 10, off: 5569 }, // 't'
    Glyph { x: 1, y: 5, w: 6, h: 8, off: 5639 },  // 'u'
    Glyph { x: 0, y: 5, w: 8, h: 8, off: 5687 },  // 'v'
    Glyph { x: 0, y: 5, w: 8, h: 8, off: 5751 },  // 'w'
    Glyph { x: 0, y: 5, w: 8, h: 8, off: 5815 },  // 'x'
    Glyph { x: 0, y: 5, w: 8, h: 11, off: 5879 }, // 'y'
    Glyph { x: 1, y: 5, w: 6, h: 8, off: 5967 },  // 'z'
    Glyph { x: 1, y: 2, w: 6, h: 13, off: 6015 }, // '{'
    Glyph { x: 3, y: 2, w: 2, h: 14, off: 6093 }, // '|'
    Glyph { x: 1, y: 2, w: 6, h: 13, off: 6121 }, // '}'
    Glyph { x: 0, y: 7, w: 8, h: 3, off: 6199 },  // '~'
];

static SMALL_COVERAGE: &[u8] = b"\
    \x20\x21\xbb\xbe\xbb\xbe\xbb\xbe\xbb\xbe\xb7\xba\xab\xae\x5f\x61\x15\x15\xbb\xbe\x82\x84\x26\x13\
    \x13\x26\xdb\x71\x71\xdb\xdb\x71\x71\xdb\xdb\x71\x71\xdb\x87\x46\x46\x87\x00\x00\x00\xc0\x6b\x2a\
    \xe9\x09\x00\x00\x0c\xf4\x2a\x73\xc7\x00\x21\x5d\x7f\xeb\x5d\xbd\xb3\x5b\x4b\xd0\xea\xe8\xd0\xfb\
    \xd6\xcc\x00\x00\xc6\x74\x29\xf4\x0d\x00\x28\x2c\xf4\x46\x7c\xce\x29\x0e\xed\xf4\xfa\xef\xfa\xf5\
    \xef\x52\x00\x92\xac\x00\xde\x52\x00\x00\x00\xc8\x71\x2b\xf3\x0b\x00\x00\x00\xa5\x26\x47\x90\x00\
    \x00\x00\x00\x00\x29\x5c\x00\x00\x00\x00\x00\x44\x99\x00\x00\x00\x1e\xb0\xec\xf7\xdf\x82\x00\xa7\
    \xd0\x5a\x99\x3d\x60\x00\xc9\xa0\x44\x99\x00\x00\x00\x82\xf4\xb8\xaf\x16\x00\x00\x00\x64\xbd\xf9\
    \xf6\x80\x00\x00\x00\x44\x99\x7c\xfc\x2d\x14\x00\x44\x99\x37\xff\x43\xcb\xb0\x99\xc8\xd3\xca\x07\
    \x30\x82\xb4\xd3\x7b\x0d\x00\x00\x00\x45\x99\x00\x00\x00\x00\x00\x2c\x64\x00\x00\x00\x15\x98\xb8\
    \x5f\x00\x00\x00\x00\xa4\xb7\x6e\xe5\x3b\x00\x00\x00\xcd\x4f\x00\xb6\x6e\x00\x00\x00\x87\xd7\xa4\
    \xe5\x27\x22\x89\x6f\x00\x5f\x84\x6f\xb2\xbe\x6c\x0c\x20\x88\xc6\x9b\x63\x99\x72\x02\x4a\x6b\x0b\
    \x30\xe7\x8f\xce\x8d\x00\x00\x00\x6f\xb4\x00\x52\xcc\x00\x00\x00\x36\xe7\x82\xc6\x99\x00\x00\x00\
    \x00\x50\xa5\x82\x0a\x00\x00\x10\x50\x52\x16\x00\x00\x00\x27\xe1\xeb\xda\xbd\x00\x00\x00\x84\xdf\
    \x05\x00\x20\x00\x00\x00\x76\xe3\x07\x00\x00\x00\x00\x00\x1b\xf7\x88\x00\x00\x00\x00\x07\xb6\xc8\
    \xf5\x48\x00\x2d\x61\x6a\xdc\x0c\x97\xe0\x1a\x65\xc7\xa6\xaa\x00\x08\xcc\xb5\x86\xaa\x97\xd3\x04\
    \x00\x2f\xee\xef\x44\x2d\xef\xba\x64\x78\xe3\xf6\x42\x00\x33\xac\xce\xb7\x54\x85\x88\x1d\x1d\xab\
    \xa7\xab\xa7\xab\xa7\x6a\x67\x00\x00\x50\x6d\x00\x01\xd4\x6e\x00\x61\xe6\x09\x00\xc7\x97\x00\x00\
    \xf0\x6d\x00\x2a\xff\x45\x00\x4e\xff\x24\x00\x22\xff\x4b\x00\x00\xeb\x72\x00\x00\xbd\xa0\x00\x00\
    \x4f\xee\x13\x00\x00\xc7\x7d\x00\x00\x3c\x5a\x6d\x50\x00\x00\x6f\xd4\x01\x00\x0a\xe6\x61\x00\x00\
    \x97\xc7\x00\x00\x6d\xf0\x00\x00\x45\xff\x2a\x00\x24\xff\x4e\x00\x4b\xff\x22\x00\x72\xec\x00\x00\
    \xa1\xbe\x00\x14\xee\x50\x00\x7e\xc7\x00\x00\x5a\x3c\x00\x00\x00\x00\x30\x30\x00\x00\x0f\x00\x7d\
    \x7d\x00\x0f\xaf\x9a\x85\x85\x9a\xaf\x00\x66\xea\xea\x66\x00\x51\xc2\xc8\xc8\xc2\x51\x85\x2e\x7d\
    \x7d\x2e\x85\x00\x00\x6b\x6b\x00\x00\x00\x00\x00\xa5\xa4\x00\x00\x00\x00\x00\x00\xa5\xa4\x00\x00\
    \x00\x1e\x36\x36\xb1\xb0\x36\x36\x1e\x89\xfc\xfc\xfe\xfe\xfc\xfc\x89\x00\x00\x00\xa5\xa4\x00\x00\
    \x00\x00\x00\x00\xa5\xa4\x00\x00\x00\x00\x00\x00\x95\x94\x00\x00\x00\x00\x64\x72\x00\xce\xeb\x00\
    \xe8\xb5\x3d\xfb\x3b\x41\x75\x00\x83\xab\xab\x83\x75\x99\x99\x75\x6f\x6d\xde\xdb\x9a\x97\x00\x00\
    \x00\x00\x00\x10\x2b\x00\x00\x00\x00\x00\x9c\xcb\x00\x00\x00\x00\x1c\xf2\x61\x00\x00\x00\x00\x8e\
    \xd8\x01\x00\x00\x00\x10\xea\x72\x00\x00\x00\x00\x7e\xe3\x09\x00\x00\x00\x07\xe1\x82\x00\x00\x00\
    \x00\x6e\xec\x13\x00\x00\x00\x01\xd5\x91\x00\x00\x00\x00\x5d\xf3\x1f\x00\x00\x00\x00\xc8\xa0\x00\
    \x00\x00\x00\x38\xdd\x2d\x00\x00\x00\x00\x00\x00\x03\x40\x3f\x03\x00\x00\x00\x1f\xd2\xf0\xf0\xd1\
    \x1f\x00\x00\xa2\xdc\x15\x15\xdc\xa1\x00\x00\xe9\x8b\x00\x00\x8b\xe9\x00\x12\xfe\x61\x12\x10\x61\
    \xfe\x12\x33\xff\x50\xcb\xca\x50\xff\x33\x26\xff\x58\x72\x6f\x58\xff\x26\x04\xfb\x6f\x00\x00\x6f\
    \xfa\x04\x00\xcb\xab\x00\x00\xab\xcb\x00\x00\x68\xf9\x89\x89\xf9\x67\x00\x00\x00\x6b\xc0\xbf\x6b\
    \x00\x00\x00\x00\x18\x2c\x08\x00\x00\x61\xda\xfc\xff\x2c\x00\x00\x55\x80\x79\xff\x2c\x00\x00\x00\
    \x00\x53\xff\x2c\x00\x00\x00\x00\x53\xff\x2c\x00\x00\x00\x00\x53\xff\x2c\x00\x00\x00\x00\x53\xff\
    \x2c\x00\x00\x00\x00\x53\xff\x2c\x00\x00\x00\x00\x53\xff\x2c\x00\x00\x39\x9b\xb2\xff\xa5\x9b\x1d\
    \x41\xb1\xb1\xb1\xb1\xb1\x21\x00\x00\x31\x57\x3d\x02\x00\x00\xcd\xfe\xea\xf9\xd0\x25\x00\x90\x29\
    \x00\x29\xe4\xac\x00\x00\x00\x00\x00\xad\xd0\x00\x00\x00\x00\x03\xd6\xa6\x00\x00\x00\x00\x83\xee\
    \x29\x00\x00\x00\x5d\xf4\x5d\x00\x00\x00\x4f\xf2\x70\x00\x00\x00\x44\xef\x7d\x00\x00\x00\x07\xeb\
    \xdf\x9b\x9b\x9b\x8d\x08\xb1\xb1\xb1\xb1\xb1\xa0\x00\x03\x3a\x59\x3f\x03\x00\x00\xd3\xf9\xe9\xfe\
    \xd5\x29\x00\x4e\x10\x00\x2f\xda\xad\x00\x00\x00\x00\x00\xab\xc3\x00\x00\x1e\x3f\x7f\xec\x71\x00\
    \x00\x89\xfa\xff\xa6\x08\x00\x00\x00\x03\x43\xdd\xa8\x00\x00\x00\x00\x00\x7b\xf4\x00\x00\x00\x00\
    \x00\x93\xeb\x33\xd0\x8f\x77\x9d\xf7\x98\x17\x94\xc2\xd2\xbf\x77\x06\x00\x00\x00\x00\x1a\x2c\x07\
    \x00\x00\x00\x00\x0c\xda\xff\x27\x00\x00\x00\x00\x90\xd2\xff\x27\x00\x00\x00\x3a\xe3\x65\xff\x27\
    \x00\x00\x02\xc9\x75\x59\xff\x27\x00\x00\x79\xce\x02\x59\xff\x27\x00\x27\xec\x46\x00\x59\xff\x27\
    \x00\x75\xf6\xd4\xd4\xde\xff\xd7\x66\x30\x69\x69\x69\x91\xff\x76\x33\x00\x00\x00\x00\x59\xff\x27\
    \x00\x00\x00\x00\x00\x3e\xb1\x1b\x00\x00\x20\x2c\x2c\x2c\x2c\x10\x00\xbc\xff\xff\xff\xff\x5d\x00\
    \xbc\xa5\x0d\x0d\x0d\x05\x00\xbc\xa3\x00\x00\x00\x00\x00\xbc\xe2\xd4\xbe\x64\x00\x00\x8b\x85\x75\
    \xae\xfd\x6f\x00\x00\x00\x00\x00\xb6\xd3\x00\x00\x00\x00\x00\x89\xeb\x00\x00\x00\x00\x00\xb5\xd1\
    \x25\xcb\x8a\x79\xae\xfc\x67\x13\xa1\xc8\xd1\xb7\x56\x00\x00\x00\x00\x20\x56\x3d\x00\x00\x00\x0a\
    \xa6\xfd\xeb\xf8\x85\x00\x00\x85\xea\x46\x00\x13\x32\x00\x00\xdf\x87\x00\x00\x00\x00\x00\x0b\xfc\
    \x6a\xb3\xce\x9a\x14\x00\x32\xff\xdd\x7e\x6d\xe1\xb3\x00\x27\xff\x96\x00\x00\x6e\xfc\x0e\x06\xfc\
    \x72\x00\x00\x4b\xff\x31\x00\xd1\x97\x00\x00\x6f\xfb\x0c\x00\x71\xf2\x82\x71\xe3\xae\x00\x00\x00\
    \x6e\xbd\xca\x92\x0f\x00\x08\x2c\x2c\x2c\x2c\x2c\x2c\x00\x30\xff\xff\xff\xff\xff\xf5\x01\x02\x0d\
    \x0d\x0d\x0d\xbd\xb3\x00\x00\x00\x00\x00\x27\xf9\x59\x00\x00\x00\x00\x00\x8c\xe3\x03\x00\x00\x00\
    \x00\x01\xdf\x94\x00\x00\x00\x00\x00\x56\xfd\x32\x00\x00\x00\x00\x00\xb4\xc8\x00\x00\x00\x00\x00\
    \x1f\xf7\x74\x00\x00\x00\x00\x00\x84\xf1\x13\x00\x00\x00\x00\x00\x8b\x81\x00\x00\x00\x00\x00\x00\
    \x15\x4e\x4e\x15\x00\x00\x00\x53\xeb\xee\xee\xeb\x53\x00\x00\xd3\xc6\x0c\x0b\xc5\xd3\x00\x00\xde\
    \x95\x00\x00\x95\xde\x00\x00\x8b\xdd\x50\x51\xdd\x8b\x00\x00\x14\xba\xff\xff\xba\x14\x00\x00\xc4\
    \xc5\x2d\x2e\xc6\xc4\x00\x29\xff\x58\x00\x00\x58\xff\x2a\x23\xff\x68\x00\x00\x67\xff\x23\x00\xc5\
    \xe2\x73\x72\xe1\xc4\x00\x00\x1b\x97\xc9\xc9\x96\x1b\x00\x00\x00\x18\x50\x39\x02\x00\x00\x00\x5f\
    \xf0\xe1\xed\xcf\x22\x00\x04\xe7\xa1\x00\x15\xd4\x9f\x00\x31\xff\x49\x00\x00\x86\xe5\x00\x34\xff\
    \x46\x00\x00\x84\xfc\x06\x07\xec\x95\x00\x0c\xcd\xff\x25\x00\x6d\xf6\xd3\xe3\xb3\xfe\x11\x00\x00\
    \x2b\x64\x3a\x69\xee\x00\x00\x00\x00\x00\x01\xc0\xb1\x00\x00\x73\x90\x7c\xbd\xf0\x3f\x00\x00\x56\
    \xbf\xce\xaa\x3a\x00\x00\x5d\x5b\xde\xdb\xa7\xa4\x00\x00\x00\x00\x6f\x6d\xde\xdb\x9a\x97\x00\x5d\
    \x5b\x00\xde\xdb\x00\xa7\xa4\x00\x00\x00\x00\x00\x00\x00\x64\x72\x00\xce\xeb\x00\xe8\xb5\x3d\xfb\
    \x3b\x41\x75\x00\x00\x00\x00\x00\x00\x29\x8f\x6f\x00\x00\x06\x61\xbd\xf8\xc8\x4d\x2a\x94\xe5\xe1\
    \x94\x32\x00\x00\x8a\xfe\xa8\x16\x00\x00\x00\x00\x12\x75\xcd\xf2\xaf\x56\x03\x00\x00\x00\x00\x3d\
    \xa1\xed\xe2\x5e\x00\x00\x00\x00\x00\x0e\x70\x60\x4c\x8c\x8c\x8c\x8c\x8c\x8c\x4c\x68\xbf\xbf\xbf\
    \xbf\xbf\xbf\x68\x00\x00\x00\x00\x00\x00\x00\x00\x76\xd9\xd9\xd9\xd9\xd9\xd9\x76\x3d\x6f\x6f\x6f\
    \x6f\x6f\x6f\x3d\x6f\x8f\x29\x00\x00\x00\x00\x00\x4d\xc8\xf8\xbd\x61\x06\x00\x00\x00\x00\x32\x94\
    \xe1\xe5\x94\x2a\x00\x00\x00\x00\x16\xa8\xfe\x8a\x00\x03\x56\xaf\xf2\xcd\x75\x12\x5e\xe2\xed\xa1\
    \x3d\x00\x00\x00\x60\x70\x0e\x00\x00\x00\x00\x00\x00\x12\x49\x51\x16\x00\x61\xee\xe9\xf7\xeb\x47\
    \x5b\x4f\x00\x18\xdf\xba\x00\x00\x00\x00\xc4\xb8\x00\x00\x00\x88\xf3\x40\x00\x00\x67\xf6\x56\x00\
    \x00\x00\xc6\xa1\x00\x00\x00\x00\xd8\x8d\x00\x00\x00\x00\x19\x11\x00\x00\x00\x00\xe1\x96\x00\x00\
    \x00\x00\x9c\x68\x00\x00\x00\x00\x0f\x54\x83\x6b\x0e\x00\x00\x36\xd7\xcb\xa0\xc5\xd6\x14\x09\xde\
    \x7d\x00\x00\x00\xb6\x87\x79\xc6\x00\x38\xb1\xb6\x97\xb1\xb3\x76\x14\xe6\xa7\x7d\xe6\xba\xcf\x54\
    \x5b\xe4\x01\x00\x8d\xba\xd2\x51\x60\xdc\x00\x00\x84\xba\xb4\x75\x1e\xee\x89\x5b\xdd\xba\x81\xc2\
    \x00\x51\xcb\xd1\x90\x93\x0c\xde\x73\x00\x00\x00\x00\x00\x00\x43\xdb\xb6\x7c\x6c\x63\x00\x00\x00\
    \x13\x79\xa4\xb8\x78\x00\x00\x00\x00\x26\x26\x00\x00\x00\x00\x00\x13\xf5\xf5\x13\x00\x00\x00\x00\
    \x66\xe8\xe9\x66\x00\x00\x00\x00\xae\xb0\xb1\xae\x00\x00\x00\x04\xea\x70\x72\xea\x04\x00\x00\x50\
    \xfc\x21\x22\xfc\x50\x00\x00\x9c\xd2\x00\x00\xd3\x9c\x00\x00\xdb\xfd\xfa\xfa\xfd\xdb\x00\x37\xff\
    \x59\x28\x28\x5c\xff\x37\x89\xec\x04\x00\x00\x05\xed\x89\x84\x86\x00\x00\x00\x00\x86\x84\x29\x2c\
    \x2c\x13\x00\x00\x00\xf1\xfe\xfd\xfe\xd8\x4f\x00\xf1\x82\x00\x21\xb5\xe1\x00\xf1\x82\x00\x00\x72\
    \xf8\x07\xf1\x8f\x2d\x47\xca\xbc\x00\xf1\xfc\xfa\xff\xdd\x3a\x00\xf1\x82\x00\x1b\x99\xed\x20\xf1\
    \x82\x00\x00\x0c\xfb\x6f\xf1\x82\x00\x00\x2e\xfe\x64\xf1\xc2\x96\xa2\xe2\xdb\x16\xa7\xb1\xb1\xa3\
    \x7d\x15\x00\x00\x00\x00\x11\x4e\x4a\x0c\x00\x00\x81\xf8\xe8\xf2\xe6\x00\x64\xf9\x63\x00\x03\x70\
    \x00\xce\xb7\x00\x00\x00\x00\x00\xf4\x81\x00\x00\x00\x00\x21\xff\x6b\x00\x00\x00\x00\x0f\xfd\x75\
    \x00\x00\x00\x00\x00\xea\x93\x00\x00\x00\x00\x00\xa4\xdd\x0d\x00\x00\x07\x00\x2d\xe5\xca\x78\x84\
    \xd2\x00\x00\x24\x9f\xc9\xc7\x8a\x09\x2c\x2b\x0c\x00\x00\x00\x00\x34\xff\xfe\xfa\xde\x70\x00\x00\
    \x34\xff\x52\x2c\x80\xf7\x73\x00\x34\xff\x52\x00\x00\xa8\xdf\x00\x34\xff\x52\x00\x00\x70\xfe\x14\
    \x34\xff\x52\x00\x00\x5a\xff\x3d\x34\xff\x52\x00\x00\x64\xff\x2c\x34\xff\x52\x00\x00\x83\xf8\x04\
    \x34\xff\x52\x00\x14\xd7\xb2\x00\x34\xff\xae\xab\xe2\xdc\x32\x00\x24\xb1\xb0\x9b\x74\x0f\x00\x00\
    \x23\x2c\x2c\x2c\x2c\x2c\x03\xca\xff\xff\xff\xff\xff\x13\xca\xb0\x0d\x0d\x0d\x0d\x01\xca\xae\x00\
    \x00\x00\x00\x00\xca\xb8\x36\x36\x36\x2f\x00\xca\xfe\xfd\xfd\xfd\xdd\x00\xca\xae\x00\x00\x00\x00\
    \x00\xca\xae\x00\x00\x00\x00\x00\xca\xae\x00\x00\x00\x00\x00\xca\xd8\x9b\x9b\x9b\x9b\x28\x8c\xb1\
    \xb1\xb1\xb1\xb1\x2d\x1a\x2c\x2c\x2c\x2c\x2c\x0f\x98\xff\xff\xff\xff\xff\x54\x98\xdf\x0d\x0d\x0d\
    \x0d\x04\x98\xdf\x00\x00\x00\x00\x00\x98\xe3\x3a\x3a\x3a\x32\x00\x98\xfe\xfa\xfa\xfa\xd6\x00\x98\
    \xdf\x00\x00\x00\x00\x00\x98\xdf\x00\x00\x00\x00\x00\x98\xdf\x00\x00\x00\x00\x00\x98\xdf\x00\x00\
    \x00\x00\x00\x69\x9a\x00\x00\x00\x00\x00\x00\x00\x00\x1e\x54\x37\x00\x00\x00\x0f\xab\xfc\xe4\xf9\
    \xb9\x00\x00\x9d\xe7\x3b\x00\x16\x86\x00\x1a\xf4\x83\x00\x00\x00\x00\x00\x4b\xff\x40\x00\x00\x00\
    \x00\x00\x6b\xff\x22\x00\x4b\x7d\x7d\x22\x5e\xff\x2f\x00\x78\xcc\xff\x45\x39\xff\x55\x00\x00\x2d\
    \xff\x45\x01\xd6\xab\x00\x00\x2d\xff\x45\x00\x5b\xf5\xab\x71\x9f\xfe\x3e\x00\x00\x47\xab\xcd\xb5\
    \x56\x00\x09\x2c\x0e\x00\x00\x0e\x2c\x09\x34\xff\x52\x00\x00\x52\xff\x34\x34\xff\x52\x00\x00\x52\
    \xff\x34\x34\xff\x52\x00\x00\x52\xff\x34\x34\xff\x6b\x36\x36\x6b\xff\x34\x34\xff\xfd\xfd\xfd\xfd\
    \xff\x34\x34\xff\x52\x00\x00\x52\xff\x34\x34\xff\x52\x00\x00\x52\xff\x34\x34\xff\x52\x00\x00\x52\
    \xff\x34\x34\xff\x52\x00\x00\x52\xff\x34\x24\xb1\x39\x00\x00\x39\xb1\x24\x22\x2c\x2c\x2c\x2c\x21\
    \xc4\xff\xff\xff\xff\xc2\x0a\x0d\xbf\xbd\x0d\x0a\x00\x00\xbe\xbb\x00\x00\x00\x00\xbe\xbb\x00\x00\
    \x00\x00\xbe\xbb\x00\x00\x00\x00\xbe\xbb\x00\x00\x00\x00\xbe\xbb\x00\x00\x00\x00\xbe\xbb\x00\x00\
    \x78\x9b\xe0\xde\x9b\x76\x88\xb1\xb1\xb1\xb1\x86\x00\x00\x1e\x2c\x2c\x2c\x0e\x00\x00\xac\xff\xff\
    \xff\x51\x00\x00\x09\x0d\x38\xff\x51\x00\x00\x00\x00\x33\xff\x51\x00\x00\x00\x00\x33\xff\x51\x00\
    \x00\x00\x00\x33\xff\x51\x00\x00\x00\x00\x33\xff\x51\x00\x00\x00\x00\x38\xff\x4c\x25\x0c\x00\x00\
    \x58\xff\x2c\x69\xd9\x89\x72\xd2\xd6\x02\x27\x96\xc6\xce\xab\x30\x00\x09\x2c\x0e\x00\x00\x00\x23\
    \x25\x34\xff\x52\x00\x00\x67\xf7\x6b\x34\xff\x52\x00\x5d\xf6\x75\x00\x34\xff\x52\x53\xf4\x7f\x00\
    \x00\x34\xff\x80\xf2\x8c\x00\x00\x00\x34\xff\xfb\xf6\x99\x00\x00\x00\x34\xff\x9e\x6c\xfb\x4e\x00\
    \x00\x34\xff\x52\x00\xbc\xde\x12\x00\x34\xff\x52\x00\x2a\xf0\xa1\x00\x34\xff\x52\x00\x00\x78\xfd\
    \x55\x24\xb1\x39\x00\x00\x01\x9a\x8f\x1f\x22\x00\x00\x00\x00\x00\xb2\xc8\x00\x00\x00\x00\x00\xb2\
    \xc8\x00\x00\x00\x00\x00\xb2\xc8\x00\x00\x00\x00\x00\xb2\xc8\x00\x00\x00\x00\x00\xb2\xc8\x00\x00\
    \x00\x00\x00\xb2\xc8\x00\x00\x00\x00\x00\xb2\xc8\x00\x00\x00\x00\x00\xb2\xc8\x00\x00\x00\x00\x00\
    \xb2\xe4\x9b\x9b\x9b\x9b\x4f\x7b\xb1\xb1\xb1\xb1\xb1\x5a\x18\x2c\x14\x00\x00\x14\x2c\x18\x8e\xff\
    \x9d\x00\x00\xa1\xff\x8b\x8e\xe4\xe0\x01\x04\xe3\xe5\x8b\x8e\xd2\xcd\x4d\x54\xca\xd6\x8b\x8e\xd2\
    \x84\xa1\xa7\x80\xd6\x8b\x8e\xd2\x29\xe3\xe7\x25\xd6\x8b\x8e\xd2\x00\xca\xc7\x00\xd6\x8b\x8e\xd2\
    \x00\x29\x28\x00\xd6\x8b\x8e\xd2\x00\x00\x00\x00\xd6\x8b\x8e\xd2\x00\x00\x00\x00\xd6\x8b\x62\x92\
    \x00\x00\x00\x00\x94\x60\x08\x2c\x1e\x00\x00\x0c\x2c\x08\x30\xff\xda\x00\x00\x46\xff\x30\x30\xff\
    \xfa\x54\x00\x46\xff\x30\x30\xff\xb9\xb6\x00\x46\xff\x30\x30\xff\x60\xf4\x25\x46\xff\x30\x30\xff\
    \x46\xbc\x8e\x46\xff\x30\x30\xff\x46\x5c\xe3\x48\xff\x30\x30\xff\x46\x03\xdf\x8b\xff\x30\x30\xff\
    \x46\x00\x8a\xe1\xff\x30\x30\xff\x46\x00\x21\xf7\xff\x30\x21\xb1\x31\x00\x00\x87\xb1\x21\x00\x00\
    \x05\x42\x42\x05\x00\x00\x00\x2f\xdc\xf1\xf1\xdc\x2f\x00\x00\xb8\xd0\x0e\x0e\xd0\xb8\x00\x14\xf8\
    \x79\x00\x00\x79\xf8\x14\x39\xff\x51\x00\x00\x51\xff\x39\x53\xff\x40\x00\x00\x40\xff\x53\x49\xff\
    \x48\x00\x00\x48\xff\x49\x2b\xff\x5e\x00\x00\x5e\xff\x2b\x02\xe1\x99\x00\x00\x99\xe1\x02\x00\x82\
    \xf7\x88\x88\xf6\x80\x00\x00\x00\x78\xc1\xc1\x77\x00\x00\x23\x2c\x2c\x18\x00\x00\x00\xca\xfe\xfd\
    \xfe\xe5\x72\x00\xca\xae\x00\x1e\xa4\xfa\x3b\xca\xae\x00\x00\x15\xfe\x77\xca\xae\x00\x00\x39\xff\
    \x68\xca\xcd\x7d\x8b\xdf\xe4\x19\xca\xe9\xc7\xbc\x98\x26\x00\xca\xae\x00\x00\x00\x00\x00\xca\xae\
    \x00\x00\x00\x00\x00\xca\xae\x00\x00\x00\x00\x00\x8c\x79\x00\x00\x00\x00\x00\x00\x00\x05\x42\x42\
    \x05\x00\x00\x00\x2f\xdc\xf1\xf1\xdc\x2f\x00\x00\xb8\xd0\x0e\x0e\xd0\xb8\x00\x14\xf8\x79\x00\x00\
    \x79\xf8\x14\x39\xff\x51\x00\x00\x51\xff\x39\x53\xff\x40\x00\x00\x40\xff\x54\x49\xff\x48\x00\x00\
    \x48\xff\x4e\x2b\xff\x5e\x00\x00\x5e\xff\x32\x02\xe1\x99\x00\x00\x99\xe8\x00\x00\x80\xf7\x88\x88\
    \xf7\x87\x00\x00\x00\x78\xc2\xf0\xcc\x01\x00\x00\x00\x00\x00\x40\xed\x89\x00\x00\x00\x00\x00\x00\
    \x39\x14\x00\x07\x2c\x2c\x29\x06\x00\x00\x00\x26\xff\xfe\xfe\xf9\xbe\x28\x00\x26\xff\x5d\x06\x48\
    \xe5\xb8\x00\x26\xff\x5d\x00\x00\x9d\xe7\x00\x26\xff\x5d\x00\x00\xba\xd3\x00\x26\xff\xc0\xac\xcb\
    \xe1\x50\x00\x26\xff\xb6\xa4\xe0\xb8\x0d\x00\x26\xff\x5d\x00\x1e\xea\x8c\x00\x26\xff\x5d\x00\x00\
    \x84\xef\x1a\x26\xff\x5d\x00\x00\x14\xec\x90\x1b\xb1\x40\x00\x00\x00\x73\x9d\x00\x00\x10\x48\x55\
    \x26\x00\x00\x00\x52\xe6\xed\xe5\xfb\x95\x00\x00\xe2\xa1\x06\x00\x2e\x5d\x00\x1e\xff\x5a\x00\x00\
    \x00\x00\x00\x04\xec\xc8\x45\x01\x00\x00\x00\x00\x57\xe1\xff\xeb\xa4\x1d\x00\x00\x00\x01\x48\x8e\
    \xe9\xcb\x00\x00\x00\x00\x00\x00\x6e\xff\x21\x00\x18\x00\x00\x00\x5a\xfd\x18\x00\xea\x9f\x72\x81\
    \xe4\xbe\x00\x00\x78\xb8\xd0\xc5\x90\x17\x00\x22\x2c\x2c\x2c\x2c\x2c\x2c\x22\xc4\xff\xff\xff\xff\
    \xff\xff\xc4\x0a\x0d\x0d\xbd\xbf\x0d\x0d\x0a\x00\x00\x00\xbb\xbe\x00\x00\x00\x00\x00\x00\xbb\xbe\
    \x00\x00\x00\x00\x00\x00\xbb\xbe\x00\x00\x00\x00\x00\x00\xbb\xbe\x00\x00\x00\x00\x00\x00\xbb\xbe\
    \x00\x00\x00\x00\x00\x00\xbb\xbe\x00\x00\x00\x00\x00\x00\xbb\xbe\x00\x00\x00\x00\x00\x00\x82\x84\
    \x00\x00\x00\x05\x2c\x11\x00\x00\x11\x2c\x04\x1c\xff\x64\x00\x00\x64\xff\x19\x1c\xff\x64\x00\x00\
    \x64\xff\x19\x1c\xff\x64\x00\x00\x64\xff\x19\x1c\xff\x64\x00\x00\x64\xff\x19\x1c\xff\x64\x00\x00\
    \x64\xff\x19\x1c\xff\x64\x00\x00\x64\xff\x19\x11\xff\x65\x00\x00\x65\xff\x0e\x01\xf3\x76\x00\x00\
    \x76\xf3\x00\x00\xa5\xe8\x7f\x7f\xe8\xa4\x00\x00\x10\x8c\xc8\xc8\x8c\x0f\x00\x1f\x23\x00\x00\x00\
    \x00\x23\x1f\x91\xe9\x01\x00\x00\x01\xe9\x91\x46\xff\x40\x00\x00\x40\xff\x46\x01\xe7\x86\x00\x00\
    \x87\xe7\x01\x00\xac\xc0\x00\x00\xc1\xac\x00\x00\x68\xf2\x09\x0a\xf2\x68\x00\x00\x16\xf8\x51\x52\
    \xf8\x16\x00\x00\x00\xc6\x94\x95\xc6\x00\x00\x00\x00\x86\xcc\xcd\x86\x00\x00\x00\x00\x37\xf8\xf9\
    \x37\x00\x00\x00\x00\x00\xa1\xa1\x00\x00\x00\x2c\x12\x00\x00\x00\x00\x12\x2c\xef\x77\x00\x00\x00\
    \x00\x77\xef\xd2\x93\x00\x00\x00\x00\x93\xd2\xb3\xad\x00\x6f\x6d\x00\xad\xb3\x93\xc6\x00\xe9\xe7\
    \x00\xc5\x93\x6f\xdd\x30\xe2\xe3\x2d\xdd\x6f\x46\xf3\x6e\xb5\xb6\x6c\xf3\x46\x13\xfd\xac\x82\x83\
    \xab\xfd\x13\x00\xe6\xec\x46\x46\xec\xe6\x00\x00\xc9\xf2\x06\x06\xf2\xc9\x00\x00\x7a\x90\x00\x00\
    \x90\x7a\x00\x17\x2c\x01\x00\x00\x00\x24\x20\x38\xf7\x6d\x00\x00\x39\xf8\x6a\x00\x93\xe5\x14\x00\
    \xc1\xbd\x00\x00\x0f\xdf\x95\x64\xf2\x2d\x00\x00\x00\x5b\xf5\xe5\x80\x00\x00\x00\x00\x00\xd8\xef\
    \x09\x00\x00\x00\x00\x69\xf5\xe5\x82\x00\x00\x00\x1c\xe8\x8c\x6a\xf1\x28\x00\x00\xa7\xdb\x0b\x00\
    \xcb\xb2\x00\x50\xfb\x54\x00\x00\x48\xfb\x55\x88\x8b\x00\x00\x00\x00\x89\x88\x23\x20\x00\x00\x00\
    \x00\x21\x23\x89\xee\x1e\x00\x00\x20\xef\x88\x0c\xde\x9d\x00\x00\xa0\xde\x0c\x00\x61\xf7\x32\x34\
    \xf8\x5f\x00\x00\x00\xc1\xb4\xb6\xc0\x00\x00\x00\x00\x3b\xf7\xf7\x39\x00\x00\x00\x00\x00\xc2\xbf\
    \x00\x00\x00\x00\x00\x00\xbe\xbb\x00\x00\x00\x00\x00\x00\xbe\xbb\x00\x00\x00\x00\x00\x00\xbe\xbb\
    \x00\x00\x00\x00\x00\x00\x84\x82\x00\x00\x00\x27\x2c\x2c\x2c\x2c\x2c\x18\xe2\xff\xff\xff\xff\xff\
    \x8d\x0c\x0d\x0d\x0d\x82\xf4\x34\x00\x00\x00\x2f\xf2\x80\x00\x00\x00\x00\xc0\xc8\x03\x00\x00\x00\
    \x72\xf4\x34\x00\x00\x00\x25\xed\x7f\x00\x00\x00\x00\xb6\xc8\x03\x00\x00\x00\x65\xf3\x33\x00\x00\
    \x00\x00\xe7\xd4\x9b\x9b\x9b\x9b\x6a\xaf\xb1\xb1\xb1\xb1\xb1\x78\x99\x9a\x7e\xfe\xa5\x72\xfe\x4f\
    \x00\xfe\x4f\x00\xfe\x4f\x00\xfe\x4f\x00\xfe\x4f\x00\xfe\x4f\x00\xfe\x4f\x00\xfe\x4f\x00\xfe\x4f\
    \x00\xfe\xbd\x8c\x78\x78\x62\x13\x29\x00\x00\x00\x00\x00\x2f\xf9\x4a\x00\x00\x00\x00\x00\xb0\xb9\
    \x00\x00\x00\x00\x00\x3e\xfa\x39\x00\x00\x00\x00\x00\xbd\xab\x00\x00\x00\x00\x00\x4f\xf8\x2a\x00\
    \x00\x00\x00\x00\xca\x9d\x00\x00\x00\x00\x00\x60\xf2\x1c\x00\x00\x00\x00\x01\xd7\x8e\x00\x00\x00\
    \x00\x00\x71\xea\x11\x00\x00\x00\x00\x08\xe2\x7f\x00\x00\x00\x00\x00\x79\xbf\x7e\x9a\x99\x72\xa5\
    \xfe\x00\x4f\xfe\x00\x4f\xfe\x00\x4f\xfe\x00\x4f\xfe\x00\x4f\xfe\x00\x4f\xfe\x00\x4f\xfe\x00\x4f\
    \xfe\x00\x4f\xfe\x8c\xbd\xfe\x62\x78\x78\x00\x00\x00\x1f\x1f\x00\x00\x00\x00\x00\x3b\xf1\xf1\x3b\
    \x00\x00\x00\x1d\xde\x9b\x9c\xde\x1d\x00\x07\xc2\xab\x01\x02\xab\xc2\x07\x46\x90\x07\x00\x00\x07\
    \x90\x46\x9f\x9f\x9f\x9f\x9f\x9f\x9f\x9f\x06\x13\x04\x00\x0d\xc9\x98\x00\x00\x1f\xda\x5e\x00\x00\
    \x33\x6f\x00\x60\xbc\xd9\xcb\x8d\x07\x00\x8e\x87\x56\x64\xde\x9f\x00\x00\x00\x00\x00\x80\xd9\x00\
    \x4d\xcb\xef\xf3\xf7\xe5\x06\xeb\x99\x14\x00\x7d\xe7\x2e\xff\x3f\x00\x00\xb1\xe7\x07\xe7\xc2\x66\
    \x98\xe6\xe7\x00\x42\xba\xcb\x99\x55\xa0\x7d\x56\x00\x00\x00\x00\x00\xcf\x8f\x00\x00\x00\x00\x00\
    \xcf\x8f\x00\x00\x00\x00\x00\xcf\x99\xb0\xd6\xa5\x14\x00\xcf\xf5\x86\x5e\xda\xb2\x00\xcf\xbe\x00\
    \x00\x60\xfb\x1a\xcf\x99\x00\x00\x2c\xff\x45\xcf\x9a\x00\x00\x2e\xff\x41\xcf\xc2\x00\x00\x65\xf8\
    \x16\xcf\xf4\x93\x6c\xe0\xa9\x00\x8f\x6b\xa5\xcb\x98\x0c\x00\x00\x2e\xad\xd5\xd0\x87\x23\xed\xb7\
    \x5b\x67\xb2\x97\xdd\x06\x00\x00\x00\xbe\xad\x00\x00\x00\x00\xbc\xaf\x00\x00\x00\x00\x93\xe2\x0a\
    \x00\x00\x00\x1d\xe8\xc2\x69\x74\xb9\x00\x25\xa1\xca\xc5\x7c\x00\x00\x00\x00\x00\x54\x7e\x00\x00\
    \x00\x00\x00\x8c\xd1\x00\x00\x00\x00\x00\x8c\xd1\x00\x12\xa2\xd6\xb3\x98\xd1\x00\xaf\xdc\x5e\x85\
    \xf5\xd1\x15\xfa\x64\x00\x00\xbc\xd1\x40\xff\x30\x00\x00\x96\xd1\x3d\xff\x32\x00\x00\x97\xd1\x12\
    \xf7\x68\x00\x00\xc0\xd1\x00\xa6\xe1\x6c\x91\xf3\xd1\x00\x0b\x96\xcb\xa6\x6a\x91\x00\x00\x76\xc7\
    \xd5\x9f\x14\x00\x00\x8a\xeb\x72\x5a\xcc\xb6\x00\x0a\xf3\x71\x00\x00\x3b\xfd\x1f\x3b\xff\xc9\xc1\
    \xc1\xc2\xff\x4b\x38\xff\x71\x5f\x5f\x5f\x5f\x1f\x08\xf1\x70\x00\x00\x00\x00\x00\x00\x81\xef\x87\
    \x62\x86\xc8\x00\x00\x00\x64\xb8\xd0\xbb\x79\x00\x00\x00\x06\x6e\x96\x8e\x00\x00\x96\xea\xa4\x8f\
    \x00\x00\xcf\x92\x00\x00\x99\xbe\xf2\xd9\xbe\xb0\x4e\x61\xe3\xa7\x61\x5a\x00\x00\xd8\x84\x00\x00\
    \x00\x00\xd8\x84\x00\x00\x00\x00\xd8\x84\x00\x00\x00\x00\xd8\x84\x00\x00\x00\x00\xd8\x84\x00\x00\
    \x00\x00\x96\x5b\x00\x00\x00\x12\xa3\xd6\xb2\x71\x98\x00\xae\xde\x60\x80\xf2\xd1\x16\xfa\x65\x00\
    \x00\xb9\xd1\x41\xff\x30\x00\x00\x94\xd1\x3a\xff\x36\x00\x00\x98\xd1\x0e\xf2\x75\x00\x00\xc5\xd1\
    \x00\x92\xef\x8b\xa7\xe6\xd1\x00\x00\x77\xaf\x85\x93\xc7\x00\x09\x00\x00\x00\xbd\xa3\x00\x80\xcf\
    \xa4\xc0\xe8\x30\x00\x21\x6e\x8a\x73\x1f\x00\x7b\x58\x00\x00\x00\x00\xcc\x92\x00\x00\x00\x00\xcc\
    \x92\x00\x00\x00\x00\xcc\x95\x9f\xd5\xb5\x23\xcc\xea\x84\x62\xe3\xa3\xcc\xb5\x00\x00\x90\xd0\xcc\
    \x95\x00\x00\x7f\xdd\xcc\x92\x00\x00\x7f\xdd\xcc\x92\x00\x00\x7f\xdd\xcc\x92\x00\x00\x7f\xdd\x8d\
    \x65\x00\x00\x58\x99\x00\x00\x5a\x79\x00\x00\x00\x00\x00\x96\xc9\x00\x00\x00\x00\x00\x08\x0a\x00\
    \x00\x00\x57\xbe\xbe\x96\x00\x00\x00\x2d\x61\xb3\xc9\x00\x00\x00\x00\x00\x96\xc9\x00\x00\x00\x00\
    \x00\x96\xc9\x00\x00\x00\x00\x00\x96\xc9\x00\x00\x00\x00\x00\x96\xc9\x00\x00\x00\x65\x72\xbb\xdb\
    \x72\x72\x13\x9c\xb1\xb1\xb1\xb1\xb1\x1e\x00\x00\x1f\x9a\x1a\x00\x00\x33\xff\x2c\x00\x00\x03\x0d\
    \x02\x34\xbe\xbe\xbe\x21\x1a\x61\x75\xff\x2c\x00\x00\x33\xff\x2c\x00\x00\x33\xff\x2c\x00\x00\x33\
    \xff\x2c\x00\x00\x33\xff\x2c\x00\x00\x33\xff\x2c\x00\x00\x36\xff\x2a\x00\x00\x6a\xfa\x09\x9e\xbe\
    \xf5\xa7\x00\x68\x7b\x5a\x03\x00\x59\x7f\x00\x00\x00\x00\x00\x94\xd2\x00\x00\x00\x00\x00\x94\xd2\
    \x00\x00\x00\x00\x00\x94\xd2\x00\x00\x6b\xb3\x21\x94\xd2\x00\x74\xee\x51\x00\x94\xd2\x7c\xec\x4a\
    \x00\x00\x94\xf5\xfa\xd7\x0f\x00\x00\x94\xec\x43\xe1\xa2\x00\x00\x94\xd2\x00\x4d\xf9\x64\x00\x94\
    \xd2\x00\x00\x8f\xee\x2d\x66\x91\x00\x00\x06\x9f\x77\xa5\xa9\xa9\x2a\x00\x00\x79\x83\xff\x40\x00\
    \x00\x00\x1d\xff\x40\x00\x00\x00\x1d\xff\x40\x00\x00\x00\x1d\xff\x40\x00\x00\x00\x1d\xff\x40\x00\
    \x00\x00\x1d\xff\x40\x00\x00\x00\x1d\xff\x40\x00\x00\x00\x07\xfa\x65\x00\x00\x00\x00\xc0\xde\x8c\
    \x69\x00\x00\x1a\x91\xb0\x8a\x4f\xa8\xb9\xc7\x61\xd0\xac\x05\x69\xf9\x6f\xdb\xe4\x6c\xf2\x4b\x69\
    \xdf\x00\xa7\xb4\x00\xd2\x6f\x69\xd8\x00\x9f\xac\x00\xcb\x7a\x69\xd7\x00\x9e\xab\x00\xca\x7b\x69\
    \xd7\x00\x9e\xab\x00\xca\x7b\x69\xd7\x00\x9e\xab\x00\xca\x7b\x49\x95\x00\x6e\x76\x00\x8c\x55\x99\
    \x70\x9f\xd5\xb5\x23\xcc\xea\x84\x62\xe3\xa3\xcc\xb5\x00\x00\x90\xd0\xcc\x95\x00\x00\x7f\xdd\xcc\
    \x92\x00\x00\x7f\xdd\xcc\x92\x00\x00\x7f\xdd\xcc\x92\x00\x00\x7f\xdd\x8d\x65\x00\x00\x58\x99\x00\
    \x07\x8e\xcf\xcf\x8d\x06\x00\x00\x98\xe9\x6a\x6a\xea\x97\x00\x00\xee\x7f\x00\x00\x7f\xee\x00\x1f\
    \xff\x50\x00\x00\x50\xff\x1f\x1d\xff\x51\x00\x00\x51\xff\x1d\x00\xec\x84\x00\x00\x84\xec\x00\x00\
    \x90\xee\x77\x78\xee\x90\x00\x00\x02\x81\xc5\xc5\x81\x02\x00\x9d\x75\xb2\xd6\xa2\x11\x00\xd3\xf4\
    \x84\x5e\xdc\xac\x00\xd3\xbc\x00\x00\x65\xf9\x11\xd3\x96\x00\x00\x33\xff\x3b\xd3\x97\x00\x00\x34\
    \xff\x3a\xd3\xbf\x00\x00\x69\xf7\x10\xd3\xf3\x91\x6c\xe2\xa6\x00\xd3\x94\xa7\xcb\x96\x0b\x00\xd3\
    \x8c\x00\x00\x00\x00\x00\xd3\x8c\x00\x00\x00\x00\x00\x66\x43\x00\x00\x00\x00\x00\x00\x07\x92\xd0\
    \xb3\x6a\xa4\x00\x97\xe8\x6b\x80\xf0\xe2\x00\xed\x7e\x00\x00\xad\xe2\x1d\xff\x50\x00\x00\x84\xe2\
    \x1f\xff\x50\x00\x00\x84\xe2\x00\xee\x7e\x00\x00\xad\xe2\x00\x98\xe8\x6b\x80\xf0\xe2\x00\x07\x92\
    \xcf\xb2\x89\xe2\x00\x00\x00\x00\x00\x79\xe2\x00\x00\x00\x00\x00\x79\xe2\x00\x00\x00\x00\x00\x3d\
    \x73\x8c\x7c\x75\xc9\xd1\x5e\xbb\xd7\xc3\x72\x7f\x76\xbb\xe4\x0c\x00\x00\x00\xbb\xb3\x00\x00\x00\
    \x00\xbb\xa6\x00\x00\x00\x00\xbb\xa6\x00\x00\x00\x00\xbb\xa6\x00\x00\x00\x00\x82\x73\x00\x00\x00\
    \x00\x06\x92\xd2\xda\xbc\x3f\x80\xf1\x6f\x52\x87\x54\xa5\xd0\x00\x00\x00\x00\x52\xf4\xdd\xaa\x4c\
    \x00\x00\x23\x74\xbb\xfb\x6f\x00\x00\x00\x00\xbd\xb4\x96\x92\x62\x82\xf2\x83\x60\xb5\xd0\xc5\x81\
    \x03\x00\x00\x42\xc9\x00\x00\x00\x00\x00\x53\xfc\x00\x00\x00\x31\xbe\xcd\xfe\xbe\xbe\x93\x19\x61\
    \x88\xfd\x61\x61\x4b\x00\x00\x53\xfc\x00\x00\x00\x00\x00\x53\xfc\x00\x00\x00\x00\x00\x53\xfc\x00\
    \x00\x00\x00\x00\x48\xfe\x27\x00\x00\x00\x00\x17\xf0\xc0\x7d\x5d\x00\x00\x00\x44\x9d\xb0\x88\x96\
    \x6b\x00\x00\x5e\xa3\xcc\x92\x00\x00\x7f\xdd\xcc\x92\x00\x00\x7f\xdd\xcc\x92\x00\x00\x7f\xdd\xcc\
    \x92\x00\x00\x83\xdd\xbe\xa4\x00\x00\xa7\xdd\x8c\xee\x75\x88\xe2\xdd\x13\xa2\xcc\x9b\x5d\x99\x43\
    \xbb\x0f\x00\x00\x10\xbb\x43\x0e\xf0\x69\x00\x00\x69\xf0\x0e\x00\xad\xb8\x00\x00\xb9\xad\x00\x00\
    \x57\xf5\x17\x18\xf6\x57\x00\x00\x04\xe6\x72\x74\xe6\x04\x00\x00\x00\x9e\xc0\xc1\x9e\x00\x00\x00\
    \x00\x44\xf9\xf9\x44\x00\x00\x00\x00\x00\xa0\xa0\x00\x00\x00\xb4\x47\x00\x00\x00\x00\x47\xb4\xcb\
    \x8b\x00\x00\x00\x00\x8b\xcb\x99\xbb\x00\x71\x6f\x00\xbb\x99\x60\xe5\x00\xd6\xd4\x00\xe5\x60\x1b\
    \xfb\x47\xcc\xcd\x45\xfb\x1b\x00\xd7\xbc\x90\x90\xbb\xd7\x00\x00\xa7\xfd\x44\x45\xfd\xa7\x00\x00\
    \x56\xa7\x01\x01\xa7\x56\x00\x1a\xb6\x53\x00\x00\x56\xb6\x1a\x00\x7f\xe6\x21\x23\xe8\x7f\x00\x00\
    \x00\xb7\xbd\xbe\xb7\x00\x00\x00\x00\x1b\xe6\xe6\x1b\x00\x00\x00\x00\x50\xf3\xf3\x50\x00\x00\x00\
    \x22\xe6\x85\x86\xe6\x22\x00\x03\xc0\xc0\x02\x02\xc1\xc0\x03\x47\xae\x24\x00\x00\x25\xae\x47\x3b\
    \xbd\x1d\x00\x00\x02\xb1\x5a\x06\xe5\x80\x00\x00\x56\xf8\x23\x00\x95\xd2\x00\x00\xaf\xb9\x00\x00\
    \x30\xfb\x3f\x15\xf3\x5e\x00\x00\x00\xc3\x9f\x75\xe5\x05\x00\x00\x00\x6a\xea\xca\x96\x00\x00\x00\
    \x00\x0b\xea\xfd\x34\x00\x00\x00\x00\x00\xb4\xc8\x00\x00\x00\x00\x00\x1c\xee\x71\x00\x00\x00\x00\
    \x9e\xe4\xd0\x0b\x00\x00\x00\x00\x6a\x65\x16\x00\x00\x00\x00\x7a\xc1\xc1\xc1\xc1\x9d\x3f\x64\x64\
    \x66\xe3\xb2\x00\x00\x00\x99\xdf\x1d\x00\x00\x6a\xf1\x3f\x00\x00\x41\xf2\x68\x00\x00\x1e\xe0\x96\
    \x00\x00\x00\xad\xea\x7e\x7d\x7d\x66\x86\xb1\xb1\xb1\xb1\x8f\x00\x00\x01\x5a\x8d\x66\x00\x00\x69\
    \xf7\x9e\x5d\x00\x00\x9e\xc4\x00\x00\x00\x00\xa8\xbb\x00\x00\x00\x00\xac\xb9\x00\x00\x00\x10\xd5\
    \x9f\x00\x00\x95\xf2\xcd\x1a\x00\x00\x1f\x52\xe8\x84\x00\x00\x00\x00\xb0\xb7\x00\x00\x00\x00\xa8\
    \xbb\x00\x00\x00\x00\xa3\xbf\x00\x00\x00\x00\x81\xea\x5e\x2f\x00\x00\x13\x9c\xc7\x8c\x6e\x6d\xa8\
    \xa7\xa8\xa7\xa8\xa7\xa8\xa7\xa8\xa7\xa8\xa7\xa8\xa7\xa8\xa7\xa8\xa7\xa8\xa7\xa8\xa7\xa8\xa7\x87\
    \x86\x66\x8c\x59\x00\x00\x00\x5d\x9f\xf8\x64\x00\x00\x00\x00\xc4\x9a\x00\x00\x00\x00\xbb\xa4\x00\
    \x00\x00\x00\xb9\xa7\x00\x00\x00\x00\x9f\xd2\x0e\x00\x00\x00\x1a\xcd\xf2\x95\x00\x00\x84\xe6\x51\
    \x1e\x00\x00\xb7\xac\x00\x00\x00\x00\xbb\xa4\x00\x00\x00\x00\xbf\x9f\x00\x00\x2f\x5f\xeb\x7d\x00\
    \x00\x8c\xc7\x9b\x11\x00\x00\x00\x55\x89\x69\x0f\x00\x12\x3d\x7b\xe3\xbc\xde\xf4\xcb\xe9\x76\x36\
    \x0b\x00\x00\x42\x79\x49\x00\
    ";

pub static LARGE: Font =
    Font { cell_w: 16, cell_h: 32, first: 0x20, glyphs: LARGE_GLYPHS, coverage: LARGE_COVERAGE };

static LARGE_GLYPHS: &[Glyph] = &[
    Glyph { x: 0, y: 0, w: 0, h: 0, off: 0 },        // ' '
    Glyph { x: 6, y: 5, w: 4, h: 21, off: 0 },       // '!'
    Glyph { x: 4, y: 5, w: 8, h: 9, off: 84 },       // '"'
    Glyph { x: 0, y: 6, w: 16, h: 20, off: 156 },    // '#'
    Glyph { x: 2, y: 5, w: 13, h: 25, off: 476 },    // '$'
    Glyph { x: 0, y: 6, w: 16, h: 20, off: 801 },    // '%'
    Glyph { x: 0, y: 5, w: 16, h: 21, off: 1121 },   // '&'
    Glyph { x: 6, y: 5, w: 4, h: 9, off: 1457 },     // '\''
    Glyph { x: 5, y: 5, w: 7, h: 24, off: 1493 },    // '('
    Glyph { x: 4, y: 5, w: 7, h: 24, off: 1661 },    // ')'
    Glyph { x: 2, y: 5, w: 12, h: 13, off: 1829 },   // '*'
    Glyph { x: 1, y: 10, w: 14, h: 14, off: 1985 },  // '+'
    Glyph { x: 5, y: 21, w: 5, h: 8, off: 2181 },    // ','
    Glyph { x: 4, y: 16, w: 8, h: 3, off: 2221 },    // '-'
    Glyph { x: 6, y: 21, w: 4, h: 5, off: 2245 },    // '.'
    Glyph { x: 1, y: 5, w: 13, h: 23, off: 2265 },   // '/'
    Glyph { x: 1, y: 5, w: 14, h: 21, off: 2564 },   // '0'
    Glyph { x: 3, y: 5, w: 12, h: 21, off: 2858 },   // '1'
    Glyph { x: 1, y: 5, w: 13, h: 21, off: 3110 },   // '2'
    Glyph { x: 1, y: 5, w: 13, h: 21, off: 3383 },   // '3'
    Glyph { x: 1, y: 5, w: 14, h: 21, off: 3656 },   // '4'
    Glyph { x: 1, y: 5, w: 13, h: 21, off: 3950 },   // '5'
    Glyph { x: 1, y: 5, w: 14, h: 21, off: 4223 },   // '6'
    Glyph { x: 1, y: 5, w: 14, h: 21, off: 4517 },   // '7'
    Glyph { x: 1, y: 5, w: 14, h: 21, off: 4811 },   // '8'
    Glyph { x: 1, y: 5, w: 14, h: 21, off: 5105 },   // '9'
    Glyph { x: 6, y: 11, w: 4, h: 15, off: 5399 },   // ':'
    Glyph { x: 5, y: 11, w: 5, h: 18, off: 5459 },   // ';'
    Glyph { x: 1, y: 10, w: 14, h: 14, off: 5549 },  // '<'
    Glyph { x: 1, y: 13, w: 14, h: 8, off: 5745 },   // '='
    Glyph { x: 1, y: 10, w: 14, h: 14, off: 5857 },  // '>'
    Glyph { x: 3, y: 5, w: 11, h: 21, off: 6053 },   // '?'
    Glyph { x: 0, y: 7, w: 16, h: 23, off: 6284 },   // '@'
    Glyph { x: 0, y: 5, w: 16, h: 21, off: 6652 },   // 'A'
    Glyph { x: 2, y: 5, w: 13, h: 21, off: 6988 },   // 'B'
    Glyph { x: 1, y: 5, w: 13, h: 21, off: 7261 },   // 'C'
    Glyph { x: 1, y: 5, w: 14, h: 21, off: 7534 },   // 'D'
    Glyph { x: 2, y: 5, w: 13, h: 21, off: 7828 },   // 'E'
    Glyph { x: 3, y: 5, w: 12, h: 21, off: 8101 },   // 'F'
    Glyph { x: 1, y: 5, w: 14, h: 21, off: 8353 },   // 'G'
    Glyph { x: 1, y: 5, w: 14, h: 21, off: 8647 },   // 'H'
    Glyph { x: 2, y: 5, w: 12, h: 21, off: 8941 },   // 'I'
    Glyph { x: 1, y: 5, w: 12, h: 21, off: 9193 },   // 'J'
    Glyph { x: 1, y: 5, w: 15, h: 21, off: 9445 },   // 'K'
    Glyph { x: 2, y: 5, w: 13, h: 21, off: 9760 },   // 'L'
    Glyph { x: 1, y: 5, w: 14, h: 21, off: 10033 },  // 'M'
    Glyph { x: 1, y: 5, w: 14, h: 21, off: 10327 },  // 'N'
    Glyph { x: 1, y: 5, w: 14, h: 21, off: 10621 },  // 'O'
    Glyph { x: 2, y: 5, w: 13, h: 21, off: 10915 },  // 'P'
    Glyph { x: 1, y: 5, w: 14, h: 24, off: 11188 },  // 'Q'
    Glyph { x: 1, y: 5, w: 15, h: 21, off: 11524 },  // 'R'
    Glyph { x: 1, y: 5, w: 14, h: 21, off: 11839 },  // 'S'
    Glyph { x: 0, y: 5, w: 16, h: 21, off: 12133 },  // 'T'
    Glyph { x: 1, y: 5, w: 14, h: 21, off: 12469 },  // 'U'
    Glyph { x: 0, y: 5, w: 16, h: 21, off: 12763 },  // 'V'
    Glyph { x: 0, y: 5, w: 16, h: 21, off: 13099 },  // 'W'
    Glyph { x: 0, y: 5, w: 16, h: 21, off: 13435 },  // 'X'
    Glyph { x: 0, y: 5, w: 16, h: 21, off: 13771 },  // 'Y'
    Glyph { x: 2, y: 5, w: 14, h: 21, off: 14107 },  // 'Z'
    Glyph { x: 6, y: 5, w: 6, h: 24, off: 14401 },   // '['
    Glyph { x: 1, y: 5, w: 13, h: 23, off: 14545 },  // '\\'
    Glyph { x: 4, y: 5, w: 6, h: 24, off: 14844 },   // ']'
    Glyph { x: 0, y: 5, w: 16, h: 9, off: 14988 },   // '^'
    Glyph { x: 0, y: 30, w: 16, h: 2, off: 15132 },  // '_'
    Glyph { x: 3, y: 3, w: 7, h: 6, off: 15164 },    // '`'
    Glyph { x: 1, y: 10, w: 13, h: 16, off: 15206 }, // 'a'
    Glyph { x: 2, y: 5, w: 13, h: 21, off: 15414 },  // 'b'
    Glyph { x: 2, y: 10, w: 12, h: 16, off: 15687 }, // 'c'
    Glyph { x: 1, y: 5, w: 13, h: 21, off: 15879 },  // 'd'
    Glyph { x: 1, y: 10, w: 14, h: 16, off: 16152 }, // 'e'
    Glyph { x: 2, y: 5, w: 12, h: 21, off: 16376 },  // 'f'
    Glyph { x: 1, y: 10, w: 13, h: 21, off: 16628 }, // 'g'
    Glyph { x: 2, y: 5, w: 12, h: 21, off: 16901 },  // 'h'
    Glyph { x: 2, y: 5, w: 13, h: 21, off: 17153 },  // 'i'
    Glyph { x: 2, y: 5, w: 9, h: 26, off: 17426 },   // 'j'
    Glyph { x: 3, y: 5, w: 13, h: 21, off: 17660 },  // 'k'
    Glyph { x: 2, y: 4, w: 12, h: 22, off: 17933 },  // 'l'
    Glyph { x: 1, y: 10, w: 14, h: 16, off: 18197 }, // 'm'
    Glyph { x: 2, y: 10, w: 12, h: 16, off: 18421 }, // 'n'
    Glyph { x: 1, y: 10, w: 14, h: 16, off: 18613 }, // 'o'
    Glyph { x: 2, y: 10, w: 13, h: 21, off: 18837 }, // 'p'
    Glyph { x: 1, y: 10, w: 13, h: 21, off: 19110 }, // 'q'
    Glyph { x: 4, y: 10, w: 11, h: 16, off: 19383 }, // 'r'
    Glyph { x: 2, y: 10, w: 12, h: 16, off: 19559 }, // 's'
    Glyph { x: 1, y: 6, w: 13, h: 20, off: 19751 },  // 't'
    Glyph { x: 2, y: 10, w: 12, h: 16, off: 20011 }, // 'u'
    Glyph { x: 1, y: 10, w: 14, h: 16, off: 20203 }, // 'v'
    Glyph { x: 0, y: 10, w: 16, h: 16, off: 20427 }, // 'w'
    Glyph { x: 1, y: 10, w: 14, h: 16, off: 20683 }, // 'x'
    Glyph { x: 1, y: 10, w: 14, h: 21, off: 20907 }, // 'y'
    Glyph { x: 2, y: 10, w: 12, h: 16, off: 21201 }, // 'z'
    Glyph { x: 2, y: 5, w: 12, h: 25, off: 21393 },  // '{'
    Glyph { x: 6, y: 4, w: 4, h: 28, off: 21693 },   // '|'
    Glyph { x: 2, y: 5, w: 12, h: 25, off: 21805 },  // '}'
    Glyph { x: 1, y: 15, w: 14, h: 4, off: 22105 },  // '~'
];

static LARGE_COVERAGE: &[u8] = b"\
    \x1f\x48\x48\x21\x6c\xff\xff\x73\x6c\xff\xff\x73\x6c\xff\xff\x73\x6c\xff\xff\x73\x6c\xff\xff\x73\
    \x6c\xff\xff\x73\x6c\xff\xff\x73\x6c\xff\xff\x73\x69\xff\xff\x6f\x5a\xff\xff\x61\x49\xff\xff\x51\
    \x37\xff\xff\x3f\x21\xf7\xf7\x2a\x00\x00\x00\x00\x00\x00\x00\x00\x14\x2f\x2f\x15\x6c\xff\xff\x73\
    \x6c\xff\xff\x73\x6c\xff\xff\x73\x22\x50\x50\x24\x33\x48\x35\x00\x00\x35\x48\x33\xb3\xff\xba\x00\
    \x00\xba\xff\xb3\xb3\xff\xba\x00\x00\xba\xff\xb3\xb3\xff\xba\x00\x00\xba\xff\xb3\xb3\xff\xba\x00\
    \x00\xba\xff\xb3\xb3\xff\xba\x00\x00\xba\xff\xb3\xb3\xff\xba\x00\x00\xba\xff\xb3\xb3\xff\xba\x00\
    \x00\xba\xff\xb3\x0e\x14\x0e\x00\x00\x0e\x14\x0e\x00\x00\x00\x00\x00\x00\x64\xe8\xbf\x00\x00\x1c\
    \xe6\xe5\x1a\x00\x00\x00\x00\x00\x00\x00\xa5\xff\xa2\x00\x00\x66\xff\xd8\x00\x00\x00\x00\x00\x00\
    \x00\x00\xd8\xff\x66\x00\x00\xa2\xff\xa4\x00\x00\x00\x00\x00\x00\x00\x21\xfd\xfc\x1d\x00\x00\xd6\
    \xff\x69\x00\x00\x00\x00\x00\x00\x00\x6a\xff\xd5\x00\x00\x1f\xfc\xfc\x1f\x00\x00\x00\x5a\x99\x99\
    \x99\xcd\xff\xd7\x99\x99\xb2\xff\xf0\x99\x99\x93\x00\x97\xff\xff\xff\xff\xff\xff\xff\xff\xff\xff\
    \xff\xff\xff\xf5\x00\x5d\x9d\x9d\xa7\xff\xfd\x9e\x9d\x9d\xf0\xff\xb6\x9d\x9d\x97\x00\x00\x00\x00\
    \x66\xff\xd9\x00\x00\x1a\xfb\xfd\x23\x00\x00\x00\x00\x00\x00\x00\xa2\xff\xa5\x00\x00\x63\xff\xd9\
    \x00\x00\x00\x00\x00\x00\x00\x00\xd6\xff\x6a\x00\x00\x9f\xff\xa6\x00\x00\x00\x00\x42\x43\x43\x4c\
    \xfc\xfe\x54\x43\x43\xd7\xff\x8a\x43\x43\x26\x00\xfa\xff\xff\xff\xff\xff\xff\xff\xff\xff\xff\xff\
    \xff\xff\x91\x00\xda\xdf\xdf\xf4\xff\xed\xdf\xdf\xeb\xff\xf5\xdf\xdf\xdf\x7e\x00\x00\x00\x00\xd8\
    \xff\x66\x00\x00\xa1\xff\xa3\x00\x00\x00\x00\x00\x00\x00\x21\xfd\xfb\x1c\x00\x00\xd6\xff\x67\x00\
    \x00\x00\x00\x00\x00\x00\x6a\xff\xd4\x00\x00\x1e\xfc\xfc\x1e\x00\x00\x00\x00\x00\x00\x00\xa5\xff\
    \x9f\x00\x00\x68\xff\xd6\x00\x00\x00\x00\x00\x00\x00\x00\xd9\xff\x62\x00\x00\xa4\xff\xa2\x00\x00\
    \x00\x00\x00\x00\x00\x00\x4d\x50\x11\x00\x00\x3e\x50\x28\x00\x00\x00\x00\x00\x00\x00\x00\x00\x00\
    \x00\x6f\xfa\x00\x00\x00\x00\x00\x00\x00\x00\x00\x00\x00\x70\xfc\x00\x00\x00\x00\x00\x00\x00\x00\
    \x00\x00\x00\x70\xfd\x00\x00\x00\x00\x00\x00\x00\x00\x1a\x92\xc6\xef\xff\xe8\xd0\xab\x72\x18\x00\
    \x00\x52\xea\xff\xff\xf4\xff\xf7\xff\xff\xff\x53\x00\x1e\xe6\xff\xcd\x37\x70\xfb\x07\x3c\x86\xdb\
    \x53\x00\x6e\xff\xfb\x29\x00\x70\xfb\x00\x00\x00\x00\x0a\x00\x96\xff\xe5\x00\x00\x70\xfb\x00\x00\
    \x00\x00\x00\x00\x80\xff\xf9\x21\x00\x70\xfb\x00\x00\x00\x00\x00\x00\x3f\xfb\xff\xcb\x3a\x70\xfb\
    \x00\x00\x00\x00\x00\x00\x00\x8f\xff\xff\xff\xf0\xfd\x83\x3c\x00\x00\x00\x00\x00\x00\x63\xdc\xff\
    \xff\xff\xff\xff\xd8\x54\x00\x00\x00\x00\x00\x00\x33\xa4\xfe\xdb\xfe\xff\xfe\x71\x00\x00\x00\x00\
    \x00\x00\x70\xfb\x00\x40\xd9\xff\xf3\x26\x00\x00\x00\x00\x00\x70\xfb\x00\x00\x4c\xff\xff\x67\x00\
    \x00\x00\x00\x00\x70\xfb\x00\x00\x14\xff\xff\x84\x34\x07\x00\x00\x00\x70\xfb\x00\x00\x50\xff\xff\
    \x57\xa2\xe0\x7d\x17\x00\x70\xfb\x00\x33\xd7\xff\xde\x12\xa2\xff\xff\xfd\xe3\xd8\xfe\xd6\xf9\xff\
    \xef\x44\x00\x1d\x75\xbe\xec\xfe\xff\xff\xff\xea\xaa\x24\x00\x00\x00\x00\x00\x00\x1a\x8c\xfe\x29\
    \x00\x00\x00\x00\x00\x00\x00\x00\x00\x00\x72\xfd\x00\x00\x00\x00\x00\x00\x00\x00\x00\x00\x00\x71\
    \xfc\x00\x00\x00\x00\x00\x00\x00\x00\x00\x00\x00\x70\xfc\x00\x00\x00\x00\x00\x00\x00\x00\x00\x00\
    \x00\x16\x32\x00\x00\x00\x00\x00\x00\x00\x00\x08\x4b\x74\x50\x0e\x00\x00\x00\x00\x00\x00\x00\x00\
    \x00\x00\x3a\xd2\xff\xff\xff\xdd\x4b\x00\x00\x00\x00\x00\x00\x00\x00\x10\xdc\xff\xc2\x8b\xb5\xfe\
    \xeb\x23\x00\x00\x00\x00\x00\x00\x00\x73\xff\xaf\x00\x00\x00\x90\xff\x92\x00\x00\x00\x00\x00\x00\
    \x00\x9d\xff\x5b\x00\x00\x00\x2e\xff\xbc\x00\x00\x00\x00\x00\x00\x00\x8c\xff\x73\x00\x00\x00\x4e\
    \xff\xad\x00\x00\x00\x00\x00\x00\x00\x48\xfc\xe3\x3e\x00\x2f\xd5\xff\x6b\x00\x00\x00\x00\x28\x6a\
    \x00\x00\x99\xff\xfd\xea\xfc\xff\xb5\x00\x00\x03\x5d\xba\xfa\xf2\x19\x00\x00\x6d\xc8\xe5\xcc\x80\
    \x03\x27\x8e\xe1\xff\xda\x86\x1f\x00\x00\x00\x00\x00\x00\x03\x5b\xb9\xf9\xf6\xb1\x52\x00\x00\x00\
    \x00\x00\x00\x00\x25\x8d\xe0\xff\xd9\x84\x1e\x01\x1a\x00\x00\x00\x00\x00\x57\xb8\xf9\xf6\xb0\x50\
    \x00\x1b\xac\xf0\xff\xe8\x8b\x07\x00\x00\xc0\xd8\x83\x1d\x00\x00\x0a\xd4\xff\xe6\xc7\xf0\xff\xaa\
    \x00\x00\x19\x00\x00\x00\x00\x00\x80\xff\xba\x0e\x00\x24\xd9\xfe\x4f\x00\x00\x00\x00\x00\x00\x00\
    \xb4\xff\x3d\x00\x00\x00\x6f\xff\x91\x00\x00\x00\x00\x00\x00\x00\xb9\xff\x35\x00\x00\x00\x68\xff\
    \x98\x00\x00\x00\x00\x00\x00\x00\x8c\xff\xa8\x02\x00\x11\xcb\xff\x64\x00\x00\x00\x00\x00\x00\x00\
    \x16\xe2\xff\xd4\xb1\xe2\xff\xc5\x02\x00\x00\x00\x00\x00\x00\x00\x00\x32\xc5\xfd\xff\xfa\xab\x1a\
    \x00\x00\x00\x00\x00\x00\x00\x00\x00\x00\x00\x1b\x42\x10\x00\x00\x00\x00\x00\x00\x00\x00\x2a\x72\
    \x94\x94\x7b\x3b\x00\x00\x00\x00\x00\x00\x00\x00\x00\x8a\xf5\xff\xff\xff\xff\xff\x72\x00\x00\x00\
    \x00\x00\x00\x00\x6b\xfe\xff\xe0\xa5\xa3\xc2\xf9\x76\x00\x00\x00\x00\x00\x00\x00\xc9\xff\xcd\x0b\
    \x00\x00\x00\x2f\x3b\x00\x00\x00\x00\x00\x00\x00\xea\xff\x85\x00\x00\x00\x00\x00\x00\x00\x00\x00\
    \x00\x00\x00\x00\xd9\xff\xa5\x00\x00\x00\x00\x00\x00\x00\x00\x00\x00\x00\x00\x00\xac\xff\xe3\x0d\
    \x00\x00\x00\x00\x00\x00\x00\x00\x00\x00\x00\x00\x39\xfa\xff\x90\x00\x00\x00\x00\x00\x00\x00\x00\
    \x00\x00\x00\x00\x2c\xe7\xff\xfa\x4b\x00\x00\x00\x00\x00\x00\x00\x00\x00\x00\x3f\xe7\xff\xf7\xff\
    \xe2\x1c\x00\x00\x00\x00\x00\x00\x00\x00\x1a\xdf\xff\xb6\x3f\xf4\xff\xb9\x00\x00\x00\x00\x79\xbd\
    \x7e\x00\x9e\xff\xda\x10\x00\x74\xff\xff\x80\x00\x00\x00\x9e\xff\xa2\x0d\xef\xff\x72\x00\x00\x00\
    \xaf\xff\xf8\x46\x00\x00\xad\xff\x94\x3d\xff\xff\x2e\x00\x00\x00\x17\xdd\xff\xdf\x19\x00\xc3\xff\
    \x6c\x55\xff\xff\x33\x00\x00\x00\x00\x45\xf7\xff\xb4\x17\xef\xfc\x2b\x23\xfe\xff\x6a\x00\x00\x00\
    \x00\x00\x7f\xff\xff\xc9\xff\xc2\x00\x00\xe6\xff\xd6\x0b\x00\x00\x00\x00\x00\xba\xff\xff\xf9\x46\
    \x00\x00\x7a\xff\xff\xb6\x1f\x00\x00\x00\x05\x8b\xff\xff\xe2\x14\x00\x00\x00\xbb\xff\xff\xeb\xb5\
    \x93\xa5\xe4\xff\xfa\xfa\xff\xad\x00\x00\x00\x08\x88\xf5\xff\xff\xff\xff\xff\xc8\x40\x89\xff\xff\
    \x72\x00\x00\x00\x00\x28\x68\x91\x9f\x79\x48\x00\x00\x04\x4f\x50\x42\x12\x48\x48\x0f\x41\xff\xff\
    \x34\x41\xff\xff\x34\x41\xff\xff\x34\x41\xff\xff\x34\x41\xff\xff\x34\x41\xff\xff\x34\x41\xff\xff\
    \x34\x05\x14\x14\x04\x00\x00\x00\x0d\xdd\xf9\x58\x00\x00\x00\x88\xff\xcd\x00\x00\x00\x23\xf0\xff\
    \x58\x00\x00\x00\x96\xff\xd8\x00\x00\x00\x09\xe8\xff\x8b\x00\x00\x00\x6a\xff\xfc\x2b\x00\x00\x00\
    \xb6\xff\xd6\x00\x00\x00\x00\xe7\xff\xaa\x00\x00\x00\x37\xff\xff\x79\x00\x00\x00\x65\xff\xff\x58\
    \x00\x00\x00\x7a\xff\xff\x43\x00\x00\x00\x8d\xff\xff\x2b\x00\x00\x00\x88\xff\xff\x32\x00\x00\x00\
    \x74\xff\xff\x49\x00\x00\x00\x5e\xff\xff\x5e\x00\x00\x00\x22\xfd\xff\x88\x00\x00\x00\x00\xda\xff\
    \xb8\x00\x00\x00\x00\xa6\xff\xe3\x00\x00\x00\x00\x4b\xff\xff\x48\x00\x00\x00\x00\xd4\xff\xa2\x00\
    \x00\x00\x00\x79\xff\xea\x0b\x00\x00\x00\x0a\xdd\xff\x7c\x00\x00\x00\x00\x63\xff\xe4\x0d\x00\x00\
    \x00\x00\xa7\xc6\x54\x59\xf9\xdd\x0d\x00\x00\x00\x00\xcd\xff\x88\x00\x00\x00\x00\x59\xff\xf0\x23\
    \x00\x00\x00\x00\xd8\xff\x96\x00\x00\x00\x00\x8c\xff\xe8\x09\x00\x00\x00\x2c\xfc\xff\x6a\x00\x00\
    \x00\x00\xd7\xff\xb6\x00\x00\x00\x00\xab\xff\xe7\x00\x00\x00\x00\x7a\xff\xff\x37\x00\x00\x00\x58\
    \xff\xff\x65\x00\x00\x00\x43\xff\xff\x7a\x00\x00\x00\x2b\xff\xff\x8d\x00\x00\x00\x32\xff\xff\x88\
    \x00\x00\x00\x49\xff\xff\x75\x00\x00\x00\x5f\xff\xff\x5e\x00\x00\x00\x89\xff\xfd\x23\x00\x00\x00\
    \xb9\xff\xdb\x00\x00\x00\x00\xe5\xff\xa7\x00\x00\x00\x4a\xff\xff\x4d\x00\x00\x00\xa4\xff\xd5\x00\
    \x00\x00\x0c\xeb\xff\x7b\x00\x00\x00\x7e\xff\xde\x0b\x00\x00\x0d\xe5\xff\x64\x00\x00\x00\x55\xc6\
    \xa7\x00\x00\x00\x00\x00\x00\x00\x00\x00\x82\x82\x00\x00\x00\x00\x00\x00\x00\x00\x00\x00\xcf\xcf\
    \x00\x00\x00\x00\x00\x1b\x16\x00\x00\x00\xcf\xcf\x00\x00\x00\x16\x1b\xa5\xe6\x6a\x00\x00\xcf\xcf\
    \x00\x00\x6a\xe6\xa5\x53\xcf\xff\xc4\x39\xcf\xcf\x39\xc4\xff\xcf\x53\x00\x01\x69\xdd\xf8\xf1\xf1\
    \xf8\xdd\x69\x01\x00\x00\x00\x00\x0a\xbc\xff\xff\xbc\x0a\x00\x00\x00\x00\x00\x54\xd0\xfc\xf5\xf5\
    \xfc\xd0\x54\x00\x00\x3f\xbe\xfe\xd1\x49\xcf\xcf\x49\xd1\xfe\xbe\x3f\xae\xee\x7c\x04\x00\xcf\xcf\
    \x00\x04\x7c\xee\xae\x24\x22\x00\x00\x00\xcf\xcf\x00\x00\x00\x22\x24\x00\x00\x00\x00\x00\xcf\xcf\
    \x00\x00\x00\x00\x00\x00\x00\x00\x00\x00\x8e\x8e\x00\x00\x00\x00\x00\x00\x00\x00\x00\x00\x2f\xfe\
    \xfe\x2b\x00\x00\x00\x00\x00\x00\x00\x00\x00\x00\x2f\xff\xff\x2b\x00\x00\x00\x00\x00\x00\x00\x00\
    \x00\x00\x2f\xff\xff\x2b\x00\x00\x00\x00\x00\x00\x00\x00\x00\x00\x2f\xff\xff\x2b\x00\x00\x00\x00\
    \x00\x00\x00\x00\x00\x00\x2f\xff\xff\x2b\x00\x00\x00\x00\x00\x50\x59\x59\x59\x59\x6d\xff\xff\x6b\
    \x59\x59\x59\x59\x50\xe4\xff\xff\xff\xff\xff\xff\xff\xff\xff\xff\xff\xff\xe4\xe0\xfa\xfa\xfa\xfa\
    \xfa\xff\xff\xfa\xfa\xfa\xfa\xfa\xe0\x00\x00\x00\x00\x00\x2f\xff\xff\x2b\x00\x00\x00\x00\x00\x00\
    \x00\x00\x00\x00\x2f\xff\xff\x2b\x00\x00\x00\x00\x00\x00\x00\x00\x00\x00\x2f\xff\xff\x2b\x00\x00\
    \x00\x00\x00\x00\x00\x00\x00\x00\x2f\xff\xff\x2b\x00\x00\x00\x00\x00\x00\x00\x00\x00\x00\x2f\xff\
    \xff\x2b\x00\x00\x00\x00\x00\x00\x00\x00\x00\x00\x26\xcc\xcc\x22\x00\x00\x00\x00\x00\x00\x79\xcc\
    \xcc\xab\x00\x98\xff\xff\xd6\x00\x98\xff\xff\xd6\x00\xb6\xff\xff\x9c\x01\xea\xff\xf2\x21\x3f\xff\
    \xff\x95\x00\x84\xff\xef\x1c\x00\xb1\xf1\x8b\x00\x00\x1f\x3f\x3f\x3f\x3f\x3f\x3f\x1f\x7f\xff\xff\
    \xff\xff\xff\xff\x7f\x7e\xfc\xfc\xfc\xfc\xfc\xfc\x7e\x9a\xd1\xd1\x93\xbc\xff\xff\xb4\xbc\xff\xff\
    \xb4\xbc\xff\xff\xb4\x3b\x50\x50\x39\x00\x00\x00\x00\x00\x00\x00\x00\x00\x00\x2c\x48\x46\x00\x00\
    \x00\x00\x00\x00\x00\x00\x00\x00\xd5\xff\xc3\x00\x00\x00\x00\x00\x00\x00\x00\x00\x5d\xff\xff\x56\
    \x00\x00\x00\x00\x00\x00\x00\x00\x00\xc8\xff\xd0\x00\x00\x00\x00\x00\x00\x00\x00\x00\x4c\xfe\xff\
    \x68\x00\x00\x00\x00\x00\x00\x00\x00\x00\xbb\xff\xdc\x04\x00\x00\x00\x00\x00\x00\x00\x00\x3b\xfc\
    \xff\x78\x00\x00\x00\x00\x00\x00\x00\x00\x00\xad\xff\xe7\x0c\x00\x00\x00\x00\x00\x00\x00\x00\x2c\
    \xf8\xff\x88\x00\x00\x00\x00\x00\x00\x00\x00\x00\x9f\xff\xef\x17\x00\x00\x00\x00\x00\x00\x00\x00\
    \x1e\xf3\xff\x97\x00\x00\x00\x00\x00\x00\x00\x00\x00\x91\xff\xf6\x24\x00\x00\x00\x00\x00\x00\x00\
    \x00\x13\xec\xff\xa6\x00\x00\x00\x00\x00\x00\x00\x00\x00\x82\xff\xfb\x33\x00\x00\x00\x00\x00\x00\
    \x00\x00\x09\xe3\xff\xb4\x00\x00\x00\x00\x00\x00\x00\x00\x00\x72\xff\xfe\x43\x00\x00\x00\x00\x00\
    \x00\x00\x00\x01\xd8\xff\xc2\x00\x00\x00\x00\x00\x00\x00\x00\x00\x61\xff\xff\x54\x00\x00\x00\x00\
    \x00\x00\x00\x00\x00\xcb\xff\xcf\x00\x00\x00\x00\x00\x00\x00\x00\x00\x4f\xff\xff\x66\x00\x00\x00\
    \x00\x00\x00\x00\x00\x00\xbe\xff\xdb\x03\x00\x00\x00\x00\x00\x00\x00\x00\x3f\xfd\xff\x77\x00\x00\
    \x00\x00\x00\x00\x00\x00\x00\x77\xbe\xb6\x0c\x00\x00\x00\x00\x00\x00\x00\x00\x00\x00\x00\x00\x00\
    \x16\x6b\x90\x8f\x6b\x15\x00\x00\x00\x00\x00\x00\x00\x6e\xea\xff\xff\xff\xff\xe9\x6c\x00\x00\x00\
    \x00\x00\x61\xfb\xff\xf9\xc6\xc7\xf9\xff\xfb\x60\x00\x00\x00\x0f\xea\xff\xf1\x39\x00\x00\x39\xf1\
    \xff\xe9\x0e\x00\x00\x79\xff\xff\x74\x00\x00\x00\x00\x75\xff\xff\x78\x00\x00\xc1\xff\xf8\x16\x00\
    \x00\x00\x00\x16\xf8\xff\xc0\x00\x00\xea\xff\xca\x00\x00\x00\x00\x00\x00\xca\xff\xea\x00\x2a\xff\
    \xff\xa7\x00\x00\x00\x00\x00\x00\xa7\xff\xff\x29\x43\xff\xff\x99\x00\x00\x31\x2c\x00\x00\x99\xff\
    \xff\x43\x54\xff\xff\x8a\x00\x6d\xfb\xfa\x6a\x00\x8a\xff\xff\x54\x61\xff\xff\x7e\x00\xb7\xff\xff\
    \xb6\x00\x7e\xff\xff\x61\x55\xff\xff\x89\x00\x68\xf7\xf5\x62\x00\x89\xff\xff\x55\x44\xff\xff\x98\
    \x00\x00\x21\x1c\x00\x00\x98\xff\xff\x44\x2c\xff\xff\xa6\x00\x00\x00\x00\x00\x00\xa6\xff\xff\x2c\
    \x00\xed\xff\xc7\x00\x00\x00\x00\x00\x00\xc7\xff\xec\x00\x00\xc3\xff\xf7\x12\x00\x00\x00\x00\x12\
    \xf7\xff\xc3\x00\x00\x7e\xff\xff\x6e\x00\x00\x00\x00\x6e\xff\xff\x7d\x00\x00\x13\xed\xff\xee\x30\
    \x00\x00\x31\xee\xff\xec\x12\x00\x00\x00\x6b\xfd\xff\xf4\xbb\xbc\xf4\xff\xfc\x69\x00\x00\x00\x00\
    \x00\x79\xf0\xff\xff\xff\xff\xef\x77\x00\x00\x00\x00\x00\x00\x00\x1f\x78\x9c\x9b\x78\x1e\x00\x00\
    \x00\x00\x00\x00\x00\x07\x3e\x48\x48\x14\x00\x00\x00\x00\x5c\x9b\xca\xf3\xff\xff\xff\x48\x00\x00\
    \x00\x00\xdb\xff\xff\xff\xff\xff\xff\x48\x00\x00\x00\x00\xdb\xe9\xbc\x8b\xaa\xff\xff\x48\x00\x00\
    \x00\x00\x25\x00\x00\x00\x89\xff\xff\x48\x00\x00\x00\x00\x00\x00\x00\x00\x89\xff\xff\x48\x00\x00\
    \x00\x00\x00\x00\x00\x00\x89\xff\xff\x48\x00\x00\x00\x00\x00\x00\x00\x00\x89\xff\xff\x48\x00\x00\
    \x00\x00\x00\x00\x00\x00\x89\xff\xff\x48\x00\x00\x00\x00\x00\x00\x00\x00\x89\xff\xff\x48\x00\x00\
    \x00\x00\x00\x00\x00\x00\x89\xff\xff\x48\x00\x00\x00\x00\x00\x00\x00\x00\x89\xff\xff\x48\x00\x00\
    \x00\x00\x00\x00\x00\x00\x89\xff\xff\x48\x00\x00\x00\x00\x00\x00\x00\x00\x89\xff\xff\x48\x00\x00\
    \x00\x00\x00\x00\x00\x00\x89\xff\xff\x48\x00\x00\x00\x00\x00\x00\x00\x00\x89\xff\xff\x48\x00\x00\
    \x00\x00\x00\x00\x00\x00\x89\xff\xff\x48\x00\x00\x00\x00\x04\x06\x06\x06\x8a\xff\xff\x4a\x06\x06\
    \x06\x02\x9a\xff\xff\xff\xff\xff\xff\xff\xff\xff\xff\x4f\x9a\xff\xff\xff\xff\xff\xff\xff\xff\xff\
    \xff\x4f\x30\x50\x50\x50\x50\x50\x50\x50\x50\x50\x50\x19\x00\x00\x00\x33\x6a\x89\x97\x77\x4f\x05\
    \x00\x00\x00\x00\x77\xcd\xfe\xff\xff\xff\xff\xff\xd6\x58\x00\x00\x00\xe7\xff\xff\xfb\xdf\xca\xe6\
    \xff\xff\xfd\x63\x00\x00\xe7\xd1\x69\x11\x00\x00\x00\x6f\xf7\xff\xee\x28\x00\x49\x00\x00\x00\x00\
    \x00\x00\x00\x93\xff\xff\x72\x00\x00\x00\x00\x00\x00\x00\x00\x00\x4a\xff\xff\xa0\x00\x00\x00\x00\
    \x00\x00\x00\x00\x00\x44\xff\xff\xa6\x00\x00\x00\x00\x00\x00\x00\x00\x00\x7f\xff\xff\x7a\x00\x00\
    \x00\x00\x00\x00\x00\x00\x01\xcd\xff\xf2\x1e\x00\x00\x00\x00\x00\x00\x00\x00\x7b\xff\xff\x88\x00\
    \x00\x00\x00\x00\x00\x00\x00\x46\xf7\xff\xc4\x05\x00\x00\x00\x00\x00\x00\x00\x31\xe8\xff\xde\x22\
    \x00\x00\x00\x00\x00\x00\x00\x24\xdd\xff\xe9\x34\x00\x00\x00\x00\x00\x00\x00\x19\xd3\xff\xf0\x43\
    \x00\x00\x00\x00\x00\x00\x00\x11\xc8\xff\xf5\x50\x00\x00\x00\x00\x00\x00\x00\x0a\xbd\xff\xf8\x5c\
    \x00\x00\x00\x00\x00\x00\x00\x05\xb3\xff\xfa\x67\x00\x00\x00\x00\x00\x00\x00\x01\xa8\xff\xfd\x73\
    \x06\x06\x06\x06\x06\x06\x06\x05\x13\xff\xff\xff\xff\xff\xff\xff\xff\xff\xff\xff\xce\x13\xff\xff\
    \xff\xff\xff\xff\xff\xff\xff\xff\xff\xce\x06\x50\x50\x50\x50\x50\x50\x50\x50\x50\x50\x50\x41\x00\
    \x00\x08\x47\x77\x8e\x98\x7a\x55\x09\x00\x00\x00\x00\x98\xf4\xff\xff\xff\xff\xff\xff\xde\x68\x00\
    \x00\x00\xb9\xff\xfd\xe9\xd4\xc9\xe0\xff\xff\xfe\x70\x00\x00\x83\x7e\x2b\x00\x00\x00\x00\x54\xec\
    \xff\xf4\x2c\x00\x00\x00\x00\x00\x00\x00\x00\x00\x73\xff\xff\x6f\x00\x00\x00\x00\x00\x00\x00\x00\
    \x00\x33\xff\xff\x9a\x00\x00\x00\x00\x00\x00\x00\x00\x00\x4e\xff\xff\x89\x00\x00\x00\x00\x00\x00\
    \x00\x00\x05\xc0\xff\xfb\x3d\x00\x00\x00\x00\x51\x59\x66\x87\xda\xff\xfd\x8a\x00\x00\x00\x00\x00\
    \xe7\xff\xff\xff\xff\xc6\x59\x00\x00\x00\x00\x00\x00\xda\xf1\xf9\xff\xff\xf4\xa7\x17\x00\x00\x00\
    \x00\x00\x00\x00\x07\x37\x9c\xf7\xff\xd3\x15\x00\x00\x00\x00\x00\x00\x00\x00\x00\x6f\xff\xff\x8e\
    \x00\x00\x00\x00\x00\x00\x00\x00\x00\x00\xda\xff\xdb\x00\x00\x00\x00\x00\x00\x00\x00\x00\x00\xb9\
    \xff\xf5\x00\x00\x00\x00\x00\x00\x00\x00\x00\x00\xd0\xff\xe9\x00\x00\x00\x00\x00\x00\x00\x00\x00\
    \x3f\xf8\xff\xc4\x53\xc7\x6f\x0e\x00\x00\x00\x00\x54\xde\xff\xff\x76\x56\xff\xff\xf6\xdd\xc3\xc5\
    \xe0\xff\xff\xff\xb4\x00\x3f\xda\xfe\xff\xff\xff\xff\xff\xff\xef\x8a\x11\x00\x00\x00\x28\x6d\x89\
    \x9d\xa2\x85\x64\x1d\x00\x00\x00\x00\x00\x00\x00\x00\x00\x00\x00\x45\x48\x48\x12\x00\x00\x00\x00\
    \x00\x00\x00\x00\x00\x70\xff\xff\xff\x40\x00\x00\x00\x00\x00\x00\x00\x00\x20\xeb\xff\xff\xff\x40\
    \x00\x00\x00\x00\x00\x00\x00\x00\xae\xff\xdc\xff\xff\x40\x00\x00\x00\x00\x00\x00\x00\x58\xfe\xd2\
    \x93\xff\xff\x40\x00\x00\x00\x00\x00\x00\x11\xdf\xfd\x4c\x92\xff\xff\x40\x00\x00\x00\x00\x00\x00\
    \x98\xff\xab\x00\x92\xff\xff\x40\x00\x00\x00\x00\x00\x42\xfa\xef\x23\x00\x92\xff\xff\x40\x00\x00\
    \x00\x00\x05\xd0\xff\x80\x00\x00\x92\xff\xff\x40\x00\x00\x00\x00\x82\xff\xd5\x06\x00\x00\x92\xff\
    \xff\x40\x00\x00\x00\x2e\xf3\xfd\x50\x00\x00\x00\x92\xff\xff\x40\x00\x00\x00\xbd\xff\xaf\x00\x00\
    \x00\x00\x92\xff\xff\x40\x00\x00\x6a\xff\xf1\x26\x00\x00\x00\x00\x92\xff\xff\x40\x00\x00\xc0\xff\
    \xd9\xa5\xa5\xa5\xa5\xa5\xd1\xff\xff\xb3\xa5\x84\xc0\xff\xff\xff\xff\xff\xff\xff\xff\xff\xff\xff\
    \xff\xcb\x82\xac\xac\xac\xac\xac\xac\xac\xd4\xff\xff\xb9\xac\x89\x00\x00\x00\x00\x00\x00\x00\x00\
    \x92\xff\xff\x40\x00\x00\x00\x00\x00\x00\x00\x00\x00\x00\x92\xff\xff\x40\x00\x00\x00\x00\x00\x00\
    \x00\x00\x00\x00\x92\xff\xff\x40\x00\x00\x00\x00\x00\x00\x00\x00\x00\x00\x92\xff\xff\x40\x00\x00\
    \x00\x00\x00\x00\x00\x00\x00\x00\x2e\x50\x50\x14\x00\x00\x00\x1f\x48\x48\x48\x48\x48\x48\x48\x48\
    \x48\x2c\x00\x00\x6f\xff\xff\xff\xff\xff\xff\xff\xff\xff\x9a\x00\x00\x6f\xff\xff\xff\xff\xff\xff\
    \xff\xff\xff\x9a\x00\x00\x6f\xff\xff\x32\x16\x16\x16\x16\x16\x16\x0d\x00\x00\x6f\xff\xff\x27\x00\
    \x00\x00\x00\x00\x00\x00\x00\x00\x6f\xff\xff\x27\x00\x00\x00\x00\x00\x00\x00\x00\x00\x6f\xff\xff\
    \x27\x00\x00\x00\x00\x00\x00\x00\x00\x00\x6f\xff\xff\x7f\xa2\xa9\x87\x5e\x12\x00\x00\x00\x00\x6f\
    \xff\xff\xff\xff\xff\xff\xff\xe0\x58\x00\x00\x00\x6f\xff\xeb\xcc\xb7\xcb\xec\xff\xff\xfe\x6e\x00\
    \x00\x43\x5e\x06\x00\x00\x00\x0e\x8d\xfa\xff\xeb\x20\x00\x00\x00\x00\x00\x00\x00\x00\x00\x98\xff\
    \xff\x90\x00\x00\x00\x00\x00\x00\x00\x00\x00\x14\xfc\xff\xb7\x00\x00\x00\x00\x00\x00\x00\x00\x00\
    \x00\xe1\xff\xd8\x00\x00\x00\x00\x00\x00\x00\x00\x00\x00\xe2\xff\xd6\x00\x00\x00\x00\x00\x00\x00\
    \x00\x00\x12\xfb\xff\xb4\x00\x00\x00\x00\x00\x00\x00\x00\x00\x95\xff\xff\x8a\x3a\xbc\x5e\x04\x00\
    \x00\x00\x0c\x8b\xf9\xff\xe4\x18\x3f\xff\xff\xf0\xd7\xbf\xce\xee\xff\xff\xfa\x5b\x00\x34\xef\xff\
    \xff\xff\xff\xff\xff\xff\xcc\x42\x00\x00\x00\x06\x4e\x82\x94\xa4\x9a\x75\x4a\x02\x00\x00\x00\x00\
    \x00\x00\x00\x00\x2c\x70\x8f\x96\x7e\x47\x01\x00\x00\x00\x00\x00\x1e\xad\xf9\xff\xff\xff\xff\xff\
    \xd0\x00\x00\x00\x00\x20\xd4\xff\xff\xfd\xdf\xcb\xe3\xfc\xe5\x00\x00\x00\x00\xb5\xff\xff\xb1\x20\
    \x00\x00\x00\x34\x88\x00\x00\x00\x46\xfd\xff\xa7\x02\x00\x00\x00\x00\x00\x00\x00\x00\x00\xa7\xff\
    \xf8\x25\x00\x00\x00\x00\x00\x00\x00\x00\x00\x00\xda\xff\xb5\x00\x00\x00\x00\x00\x00\x00\x00\x00\
    \x00\x1c\xfd\xff\x83\x00\x4e\x99\xa9\x88\x5b\x07\x00\x00\x00\x3c\xff\xff\x6f\xb0\xff\xff\xff\xff\
    \xff\xce\x36\x00\x00\x51\xff\xff\xc2\xff\xe7\xad\x9d\xc8\xff\xff\xec\x1c\x00\x60\xff\xff\xff\xcc\
    \x1f\x00\x00\x00\x7c\xff\xff\x9c\x00\x56\xff\xff\xfc\x3f\x00\x00\x00\x00\x00\xd2\xff\xf1\x00\x46\
    \xff\xff\xd6\x00\x00\x00\x00\x00\x00\x95\xff\xff\x26\x32\xff\xff\xbc\x00\x00\x00\x00\x00\x00\x7b\
    \xff\xff\x52\x04\xf2\xff\xbd\x00\x00\x00\x00\x00\x00\x7c\xff\xff\x50\x00\xcb\xff\xd7\x00\x00\x00\
    \x00\x00\x00\x96\xff\xff\x21\x00\x8f\xff\xfd\x43\x00\x00\x00\x00\x01\xd6\xff\xed\x00\x00\x21\xf5\
    \xff\xd0\x24\x00\x00\x00\x85\xff\xff\x92\x00\x00\x00\x80\xfe\xff\xea\xb3\xa3\xce\xff\xff\xe4\x13\
    \x00\x00\x00\x00\x83\xf1\xff\xff\xff\xff\xff\xbd\x28\x00\x00\x00\x00\x00\x00\x1c\x76\x96\xa0\x7b\
    \x4b\x00\x00\x00\x00\x16\x48\x48\x48\x48\x48\x48\x48\x48\x48\x48\x48\x48\x01\x4f\xff\xff\xff\xff\
    \xff\xff\xff\xff\xff\xff\xff\xff\x02\x4f\xff\xff\xff\xff\xff\xff\xff\xff\xff\xff\xff\xd7\x00\x07\
    \x16\x16\x16\x16\x16\x16\x16\x16\x40\xfd\xff\x86\x00\x00\x00\x00\x00\x00\x00\x00\x00\x00\x9a\xff\
    \xf9\x23\x00\x00\x00\x00\x00\x00\x00\x00\x00\x09\xe8\xff\xbb\x00\x00\x00\x00\x00\x00\x00\x00\x00\
    \x00\x66\xff\xff\x64\x00\x00\x00\x00\x00\x00\x00\x00\x00\x00\xc0\xff\xe9\x09\x00\x00\x00\x00\x00\
    \x00\x00\x00\x00\x2c\xfb\xff\x9e\x00\x00\x00\x00\x00\x00\x00\x00\x00\x00\x92\xff\xfe\x3d\x00\x00\
    \x00\x00\x00\x00\x00\x00\x00\x04\xe3\xff\xd0\x00\x00\x00\x00\x00\x00\x00\x00\x00\x00\x5d\xff\xff\
    \x7e\x00\x00\x00\x00\x00\x00\x00\x00\x00\x00\xb9\xff\xf6\x1b\x00\x00\x00\x00\x00\x00\x00\x00\x00\
    \x24\xf9\xff\xb4\x00\x00\x00\x00\x00\x00\x00\x00\x00\x00\x8a\xff\xff\x5a\x00\x00\x00\x00\x00\x00\
    \x00\x00\x00\x01\xdd\xff\xe3\x04\x00\x00\x00\x00\x00\x00\x00\x00\x00\x53\xff\xff\x96\x00\x00\x00\
    \x00\x00\x00\x00\x00\x00\x00\xb1\xff\xfd\x33\x00\x00\x00\x00\x00\x00\x00\x00\x00\x1d\xf6\xff\xc9\
    \x00\x00\x00\x00\x00\x00\x00\x00\x00\x00\x82\xff\xff\x75\x00\x00\x00\x00\x00\x00\x00\x00\x00\x00\
    \x39\x50\x50\x10\x00\x00\x00\x00\x00\x00\x00\x00\x00\x00\x00\x38\x6f\x91\x90\x6f\x38\x00\x00\x00\
    \x00\x00\x00\x28\xaf\xfc\xff\xff\xff\xff\xfc\xaf\x28\x00\x00\x00\x0b\xd0\xff\xff\xda\xab\xab\xda\
    \xff\xff\xd0\x0b\x00\x00\x88\xff\xff\xa5\x06\x00\x00\x06\xa3\xff\xff\x88\x00\x00\xbc\xff\xf6\x14\
    \x00\x00\x00\x00\x13\xf5\xff\xbc\x00\x00\xda\xff\xdb\x00\x00\x00\x00\x00\x00\xdb\xff\xda\x00\x00\
    \xc4\xff\xe8\x00\x00\x00\x00\x00\x00\xe8\xff\xc4\x00\x00\x78\xff\xfe\x55\x00\x00\x00\x00\x55\xfe\
    \xff\x78\x00\x00\x06\xbd\xff\xec\x7c\x3d\x3d\x7c\xec\xff\xbd\x06\x00\x00\x00\x07\x84\xe2\xff\xff\
    \xff\xff\xe2\x84\x07\x00\x00\x00\x00\x37\xb8\xf7\xff\xff\xff\xff\xf7\xb8\x37\x00\x00\x00\x44\xed\
    \xff\xde\x67\x29\x2a\x69\xe0\xff\xed\x45\x00\x00\xc8\xff\xee\x23\x00\x00\x00\x00\x26\xef\xff\xc9\
    \x00\x2d\xff\xff\xa1\x00\x00\x00\x00\x00\x00\xa2\xff\xff\x2e\x58\xff\xff\x7f\x00\x00\x00\x00\x00\
    \x00\x7f\xff\xff\x59\x54\xff\xff\x8f\x00\x00\x00\x00\x00\x00\x8e\xff\xff\x53\x1b\xfd\xff\xc5\x00\
    \x00\x00\x00\x00\x00\xc3\xff\xfd\x19\x00\xce\xff\xff\x80\x01\x00\x00\x00\x7a\xff\xff\xcc\x00\x00\
    \x38\xf4\xff\xff\xd2\xa7\xa6\xd1\xff\xff\xf3\x36\x00\x00\x00\x4a\xcc\xff\xff\xff\xff\xff\xff\xca\
    \x48\x00\x00\x00\x00\x00\x00\x51\x7c\x9d\x9c\x7c\x4f\x00\x00\x00\x00\x00\x00\x00\x00\x42\x72\x96\
    \x88\x64\x0d\x00\x00\x00\x00\x00\x00\x2a\xbf\xff\xff\xff\xff\xff\xe5\x6a\x00\x00\x00\x00\x1d\xe9\
    \xff\xff\xd4\xad\xc1\xf3\xff\xfb\x65\x00\x00\x00\x9f\xff\xff\x7f\x00\x00\x00\x39\xe0\xff\xe9\x0d\
    \x00\x0b\xf8\xff\xcb\x00\x00\x00\x00\x00\x60\xff\xff\x77\x00\x3c\xff\xff\x86\x00\x00\x00\x00\x00\
    \x00\xea\xff\xb8\x00\x65\xff\xff\x6a\x00\x00\x00\x00\x00\x00\xd0\xff\xe1\x00\x68\xff\xff\x66\x00\
    \x00\x00\x00\x00\x00\xcd\xff\xfe\x12\x42\xff\xff\x81\x00\x00\x00\x00\x00\x00\xe6\xff\xff\x2b\x12\
    \xfc\xff\xbd\x00\x00\x00\x00\x00\x4e\xfe\xff\xff\x3e\x00\xb2\xff\xfd\x5e\x00\x00\x00\x21\xd2\xff\
    \xff\xff\x4a\x00\x30\xf6\xff\xfc\xb7\x8f\xa5\xe6\xff\xc9\xff\xff\x3a\x00\x00\x4b\xde\xff\xff\xff\
    \xff\xff\xad\x82\xff\xff\x21\x00\x00\x00\x14\x6d\x97\xb5\xa2\x53\x00\x97\xff\xf9\x05\x00\x00\x00\
    \x00\x00\x00\x00\x00\x00\x00\xc3\xff\xce\x00\x00\x00\x00\x00\x00\x00\x00\x00\x00\x35\xfc\xff\x99\
    \x00\x00\x00\x00\x00\x00\x00\x00\x00\x03\xb0\xff\xfb\x3b\x00\x00\x00\x82\x21\x00\x00\x00\x17\xb5\
    \xff\xff\xab\x00\x00\x00\x00\xf3\xf7\xd7\xc0\xd8\xfb\xff\xff\xd0\x1c\x00\x00\x00\x00\xe7\xff\xff\
    \xff\xff\xff\xfa\xb0\x1b\x00\x00\x00\x00\x00\x0b\x5d\x8c\xa3\x98\x7a\x30\x00\x00\x00\x00\x00\x81\
    \xaf\xaf\x7c\xbc\xff\xff\xb4\xbc\xff\xff\xb4\xbc\xff\xff\xb4\x56\x75\x75\x52\x00\x00\x00\x00\x00\
    \x00\x00\x00\x00\x00\x00\x00\x00\x00\x00\x00\x00\x00\x00\x00\x9a\xd1\xd1\x93\xbc\xff\xff\xb4\xbc\
    \xff\xff\xb4\xbc\xff\xff\xb4\x3b\x50\x50\x39\x00\x81\xaf\xaf\x7c\x00\xbc\xff\xff\xb4\x00\xbc\xff\
    \xff\xb4\x00\xbc\xff\xff\xb4\x00\x56\x75\x75\x52\x00\x00\x00\x00\x00\x00\x00\x00\x00\x00\x00\x00\
    \x00\x00\x00\x00\x00\x00\x00\x00\x00\x00\x00\x00\x00\x00\x79\xcc\xcc\xab\x00\x98\xff\xff\xd6\x00\
    \x98\xff\xff\xd6\x00\xb6\xff\xff\x9c\x01\xea\xff\xf2\x21\x3f\xff\xff\x95\x00\x84\xff\xef\x1c\x00\
    \xb1\xf1\x8b\x00\x00\x00\x00\x00\x00\x00\x00\x00\x00\x00\x00\x00\x00\x33\x83\x00\x00\x00\x00\x00\
    \x00\x00\x00\x00\x0c\x6c\xc5\xfd\xe4\x00\x00\x00\x00\x00\x00\x00\x39\x9e\xeb\xff\xff\xff\xd2\x00\
    \x00\x00\x00\x10\x72\xca\xfe\xff\xff\xf6\xb4\x5c\x05\x00\x00\x3f\xa3\xee\xff\xff\xfe\xcf\x7d\x1b\
    \x00\x00\x00\x71\xce\xfe\xff\xff\xe7\x9b\x3a\x00\x00\x00\x00\x00\x00\xe4\xff\xfd\xb8\x5f\x06\x00\
    \x00\x00\x00\x00\x00\x00\x00\xe4\xff\xff\xe5\x99\x3a\x00\x00\x00\x00\x00\x00\x00\x00\x32\x97\xe7\
    \xff\xff\xfe\xcf\x7e\x1d\x00\x00\x00\x00\x00\x00\x00\x07\x65\xbf\xfb\xff\xff\xf7\xb7\x60\x07\x00\
    \x00\x00\x00\x00\x00\x00\x2c\x92\xe3\xff\xff\xff\xe8\x9d\x3e\x00\x00\x00\x00\x00\x00\x00\x05\x5e\
    \xba\xf9\xff\xff\xe4\x00\x00\x00\x00\x00\x00\x00\x00\x00\x00\x27\x8d\xdf\xe4\x00\x00\x00\x00\x00\
    \x00\x00\x00\x00\x00\x00\x00\x02\x48\xce\xe6\xe6\xe6\xe6\xe6\xe6\xe6\xe6\xe6\xe6\xe6\xe6\xce\xe4\
    \xff\xff\xff\xff\xff\xff\xff\xff\xff\xff\xff\xff\xe4\x69\x75\x75\x75\x75\x75\x75\x75\x75\x75\x75\
    \x75\x75\x69\x00\x00\x00\x00\x00\x00\x00\x00\x00\x00\x00\x00\x00\x00\x00\x00\x00\x00\x00\x00\x00\
    \x00\x00\x00\x00\x00\x00\x00\x9e\xb0\xb0\xb0\xb0\xb0\xb0\xb0\xb0\xb0\xb0\xb0\xb0\x9e\xe4\xff\xff\
    \xff\xff\xff\xff\xff\xff\xff\xff\xff\xff\xe4\xa4\xb7\xb7\xb7\xb7\xb7\xb7\xb7\xb7\xb7\xb7\xb7\xb7\
    \xa4\x83\x33\x00\x00\x00\x00\x00\x00\x00\x00\x00\x00\x00\x00\xe4\xfd\xc5\x6c\x0c\x00\x00\x00\x00\
    \x00\x00\x00\x00\x00\xd2\xff\xff\xff\xeb\x9e\x39\x00\x00\x00\x00\x00\x00\x00\x05\x5c\xb4\xf6\xff\
    \xff\xfe\xca\x72\x10\x00\x00\x00\x00\x00\x00\x00\x1b\x7d\xcf\xfe\xff\xff\xee\xa3\x3f\x00\x00\x00\
    \x00\x00\x00\x00\x00\x3a\x9b\xe7\xff\xff\xfe\xce\x71\x00\x00\x00\x00\x00\x00\x00\x00\x06\x5f\xb8\
    \xfd\xff\xe4\x00\x00\x00\x00\x00\x00\x00\x00\x3a\x99\xe5\xff\xff\xe4\x00\x00\x00\x00\x00\x1d\x7e\
    \xcf\xfe\xff\xff\xe7\x97\x32\x00\x00\x07\x60\xb7\xf7\xff\xff\xfb\xbf\x65\x07\x00\x00\x3e\x9d\xe8\
    \xff\xff\xff\xe3\x92\x2c\x00\x00\x00\x00\x00\xe4\xff\xff\xf9\xba\x5e\x05\x00\x00\x00\x00\x00\x00\
    \x00\xe4\xdf\x8d\x27\x00\x00\x00\x00\x00\x00\x00\x00\x00\x00\x48\x02\x00\x00\x00\x00\x00\x00\x00\
    \x00\x00\x00\x00\x00\x00\x00\x30\x67\x89\x96\x75\x3b\x00\x00\x00\x51\xbc\xfc\xff\xff\xff\xff\xfc\
    \xaf\x1c\x00\xe0\xff\xff\xe6\xbf\xc7\xf6\xff\xff\xb8\x00\xdf\xbb\x3c\x00\x00\x00\x2c\xda\xff\xff\
    \x4d\x3c\x00\x00\x00\x00\x00\x00\x64\xff\xff\x81\x00\x00\x00\x00\x00\x00\x00\x54\xff\xff\x81\x00\
    \x00\x00\x00\x00\x00\x00\xa9\xff\xff\x42\x00\x00\x00\x00\x00\x00\x7a\xff\xff\xbb\x00\x00\x00\x00\
    \x00\x00\x74\xfc\xff\xd3\x19\x00\x00\x00\x00\x00\x66\xfb\xff\xd4\x20\x00\x00\x00\x00\x00\x23\xf0\
    \xff\xd8\x1f\x00\x00\x00\x00\x00\x00\x6f\xff\xff\x45\x00\x00\x00\x00\x00\x00\x00\x9a\xff\xf2\x02\
    \x00\x00\x00\x00\x00\x00\x00\xae\xff\xe8\x00\x00\x00\x00\x00\x00\x00\x00\xae\xfe\xe7\x00\x00\x00\
    \x00\x00\x00\x00\x00\x00\x00\x00\x00\x00\x00\x00\x00\x00\x00\x00\x24\x2f\x2d\x00\x00\x00\x00\x00\
    \x00\x00\x00\xc1\xff\xf6\x00\x00\x00\x00\x00\x00\x00\x00\xc1\xff\xf6\x00\x00\x00\x00\x00\x00\x00\
    \x00\xc1\xff\xf6\x00\x00\x00\x00\x00\x00\x00\x00\x3d\x50\x4d\x00\x00\x00\x00\x00\x00\x00\x00\x00\
    \x00\x1d\x8b\xbe\xd8\xe4\xc4\x9c\x26\x00\x00\x00\x00\x00\x00\x00\x8d\xf3\xff\xff\xff\xfb\xff\xff\
    \xec\x65\x00\x00\x00\x00\x06\xa7\xff\xfa\xaf\x4f\x1c\x0d\x47\xb7\xff\xf7\x36\x00\x00\x00\x90\xff\
    \xf1\x4d\x00\x00\x00\x00\x00\x00\xa4\xff\xbf\x00\x00\x35\xf6\xfb\x4e\x00\x00\x00\x00\x00\x00\x00\
    \x1b\xf0\xfa\x0a\x00\xb1\xff\xa9\x00\x00\x00\x00\x31\x6f\x7c\x3d\x01\xcb\xff\x3d\x08\xef\xfd\x2a\
    \x00\x00\x07\x96\xfd\xff\xff\xff\xb1\xb2\xff\x63\x57\xff\xd5\x00\x00\x00\x9b\xff\xfb\xb8\x9a\xc4\
    \xff\xf9\xff\x68\x89\xff\xa0\x00\x00\x36\xf8\xfd\x5f\x00\x00\x00\x86\xff\xff\x68\x9c\xff\x88\x00\
    \x00\x85\xff\xbd\x00\x00\x00\x00\x05\xde\xff\x68\xaf\xff\x74\x00\x00\xa7\xff\x8e\x00\x00\x00\x00\
    \x00\xb4\xff\x68\xb4\xff\x6f\x00\x00\xaf\xff\x86\x00\x00\x00\x00\x00\xad\xff\x68\xa0\xff\x85\x00\
    \x00\x8e\xff\xab\x00\x00\x00\x00\x00\xce\xff\x68\x8a\xff\x9a\x00\x00\x51\xfe\xf5\x2d\x00\x00\x00\
    \x52\xfe\xff\x68\x66\xff\xcd\x00\x00\x00\xbb\xff\xe7\x7c\x57\x89\xf3\xff\xff\x68\x12\xf3\xfc\x26\
    \x00\x00\x28\xca\xff\xff\xff\xff\xdb\xbf\xff\x68\x00\xb7\xff\x9c\x00\x00\x00\x08\x76\xaa\xb6\x84\
    \x22\x61\x8f\x3a\x00\x49\xfa\xfa\x45\x00\x00\x00\x00\x00\x00\x00\x00\x00\x00\x00\x00\x00\x96\xff\
    \xe8\x45\x00\x00\x00\x00\x00\x00\x00\x00\x00\x00\x00\x00\x0d\xbf\xff\xf2\x89\x1b\x00\x00\x00\x00\
    \x05\x00\x00\x00\x00\x00\x00\x05\x9c\xfe\xff\xf3\xca\xaf\xa6\xbe\xef\x44\x00\x00\x00\x00\x00\x00\
    \x00\x46\xab\xf4\xff\xff\xff\xff\xfa\x7e\x00\x00\x00\x00\x00\x00\x00\x00\x00\x0c\x36\x59\x6e\x59\
    \x1e\x00\x00\x00\x00\x00\x00\x00\x00\x00\x33\x48\x48\x33\x00\x00\x00\x00\x00\x00\x00\x00\x00\x00\
    \x00\x00\xd8\xff\xff\xd8\x00\x00\x00\x00\x00\x00\x00\x00\x00\x00\x00\x33\xfe\xff\xff\xfe\x33\x00\
    \x00\x00\x00\x00\x00\x00\x00\x00\x00\x86\xff\xeb\xed\xff\x86\x00\x00\x00\x00\x00\x00\x00\x00\x00\
    \x00\xc8\xff\xb3\xb6\xff\xc8\x00\x00\x00\x00\x00\x00\x00\x00\x00\x1d\xfa\xff\x74\x77\xff\xfa\x1d\
    \x00\x00\x00\x00\x00\x00\x00\x00\x72\xff\xfd\x25\x29\xfd\xff\x72\x00\x00\x00\x00\x00\x00\x00\x00\
    \xb7\xff\xd5\x00\x00\xd7\xff\xb7\x00\x00\x00\x00\x00\x00\x00\x0c\xf1\xff\x9a\x00\x00\x9d\xff\xf1\
    \x0c\x00\x00\x00\x00\x00\x00\x5d\xff\xff\x56\x00\x00\x59\xff\xff\x5d\x00\x00\x00\x00\x00\x00\xa6\
    \xff\xf2\x0a\x00\x00\x0d\xf4\xff\xa6\x00\x00\x00\x00\x00\x00\xe4\xff\xbd\x00\x00\x00\x00\xc0\xff\
    \xe4\x00\x00\x00\x00\x00\x45\xff\xff\x80\x00\x00\x00\x00\x83\xff\xff\x45\x00\x00\x00\x00\x94\xff\
    \xff\xf8\xf6\xf6\xf6\xf6\xf8\xff\xff\x94\x00\x00\x00\x00\xd4\xff\xff\xff\xff\xff\xff\xff\xff\xff\
    \xff\xd4\x00\x00\x00\x2d\xfd\xff\xa7\x42\x42\x42\x42\x42\x42\xab\xff\xfd\x2d\x00\x00\x81\xff\xff\
    \x56\x00\x00\x00\x00\x00\x00\x5b\xff\xff\x81\x00\x00\xc4\xff\xf2\x0a\x00\x00\x00\x00\x00\x00\x0d\
    \xf4\xff\xc4\x00\x18\xf8\xff\xbe\x00\x00\x00\x00\x00\x00\x00\x00\xc0\xff\xf8\x18\x6d\xff\xff\x81\
    \x00\x00\x00\x00\x00\x00\x00\x00\x82\xff\xff\x6d\x30\x50\x50\x1b\x00\x00\x00\x00\x00\x00\x00\x00\
    \x1b\x50\x50\x30\x40\x48\x48\x48\x48\x48\x30\x06\x00\x00\x00\x00\x00\xe2\xff\xff\xff\xff\xff\xff\
    \xfa\xdc\x7c\x0c\x00\x00\xe2\xff\xfe\xfb\xfb\xfc\xff\xff\xff\xff\xcf\x0e\x00\xe2\xff\xd7\x00\x00\
    \x00\x1c\x4d\xbb\xff\xff\x9f\x00\xe2\xff\xd7\x00\x00\x00\x00\x00\x0a\xdf\xff\xe1\x00\xe2\xff\xd7\
    \x00\x00\x00\x00\x00\x00\xb4\xff\xfd\x16\xe2\xff\xd7\x00\x00\x00\x00\x00\x00\xc2\xff\xfa\x08\xe2\
    \xff\xd7\x00\x00\x00\x00\x00\x2e\xf2\xff\xd1\x00\xe2\xff\xde\x4a\x4a\x4b\x5f\x88\xe5\xff\xf6\x57\
    \x00\xe2\xff\xff\xff\xff\xff\xff\xff\xf9\xae\x44\x00\x00\xe2\xff\xfd\xf5\xf5\xf6\xfe\xff\xff\xec\
    \x97\x06\x00\xe2\xff\xd7\x00\x00\x00\x13\x40\xa3\xfa\xff\xb5\x00\xe2\xff\xd7\x00\x00\x00\x00\x00\
    \x00\x91\xff\xff\x57\xe2\xff\xd7\x00\x00\x00\x00\x00\x00\x20\xff\xff\xa7\xe2\xff\xd7\x00\x00\x00\
    \x00\x00\x00\x00\xf0\xff\xc5\xe2\xff\xd7\x00\x00\x00\x00\x00\x00\x14\xfd\xff\xb9\xe2\xff\xd7\x00\
    \x00\x00\x00\x00\x00\x77\xff\xff\x90\xe2\xff\xd7\x00\x00\x00\x10\x38\x90\xf3\xff\xf4\x3b\xe2\xff\
    \xfd\xf6\xf6\xf7\xfe\xff\xff\xff\xfc\x6e\x00\xe2\xff\xff\xff\xff\xff\xff\xfe\xed\xab\x38\x00\x00\
    \x47\x50\x50\x50\x50\x50\x3b\x12\x00\x00\x00\x00\x00\x00\x00\x00\x00\x00\x05\x58\x7e\x99\x89\x6b\
    \x20\x00\x00\x00\x00\x00\x73\xdf\xff\xff\xff\xff\xff\xf7\xaf\x00\x00\x00\x92\xff\xff\xfc\xd2\xba\
    \xd2\xf5\xff\xf1\x00\x00\x74\xff\xff\xd3\x3e\x00\x00\x00\x09\x82\xe1\x00\x17\xe8\xff\xe5\x22\x00\
    \x00\x00\x00\x00\x00\x1b\x00\x7e\xff\xff\x81\x00\x00\x00\x00\x00\x00\x00\x00\x00\xbd\xff\xfc\x1a\
    \x00\x00\x00\x00\x00\x00\x00\x00\x00\xf1\xff\xdb\x00\x00\x00\x00\x00\x00\x00\x00\x00\x18\xff\xff\
    \xbd\x00\x00\x00\x00\x00\x00\x00\x00\x00\x36\xff\xff\xb1\x00\x00\x00\x00\x00\x00\x00\x00\x00\x49\
    \xff\xff\xa7\x00\x00\x00\x00\x00\x00\x00\x00\x00\x38\xff\xff\xb0\x00\x00\x00\x00\x00\x00\x00\x00\
    \x00\x1b\xff\xff\xbc\x00\x00\x00\x00\x00\x00\x00\x00\x00\x00\xf4\xff\xd9\x00\x00\x00\x00\x00\x00\
    \x00\x00\x00\x00\xc2\xff\xfb\x16\x00\x00\x00\x00\x00\x00\x00\x00\x00\x85\xff\xff\x7b\x00\x00\x00\
    \x00\x00\x00\x00\x00\x00\x20\xee\xff\xe1\x1c\x00\x00\x00\x00\x00\x00\x12\x00\x00\x82\xff\xff\xcb\
    \x32\x00\x00\x00\x02\x73\xda\x00\x00\x04\xa4\xff\xff\xf9\xc8\xaf\xc7\xec\xff\xf1\x00\x00\x00\x00\
    \x84\xe9\xff\xff\xff\xff\xff\xfb\xb9\x00\x00\x00\x00\x00\x0e\x67\x8b\xa4\x95\x78\x2c\x00\x18\x48\
    \x48\x48\x47\x2f\x0a\x00\x00\x00\x00\x00\x00\x00\x56\xff\xff\xff\xff\xff\xfd\xe4\x9f\x40\x00\x00\
    \x00\x00\x56\xff\xff\xfd\xfc\xff\xff\xff\xff\xfa\x85\x00\x00\x00\x56\xff\xff\x87\x01\x20\x45\x92\
    \xe9\xff\xff\x8c\x00\x00\x56\xff\xff\x87\x00\x00\x00\x00\x2b\xdc\xff\xf6\x37\x00\x56\xff\xff\x87\
    \x00\x00\x00\x00\x00\x5e\xff\xff\xa5\x00\x56\xff\xff\x87\x00\x00\x00\x00\x00\x00\xe8\xff\xdf\x00\
    \x56\xff\xff\x87\x00\x00\x00\x00\x00\x00\xbd\xff\xff\x2e\x56\xff\xff\x87\x00\x00\x00\x00\x00\x00\
    \xa1\xff\xff\x4f\x56\xff\xff\x87\x00\x00\x00\x00\x00\x00\x94\xff\xff\x64\x56\xff\xff\x87\x00\x00\
    \x00\x00\x00\x00\x8a\xff\xff\x73\x56\xff\xff\x87\x00\x00\x00\x00\x00\x00\x93\xff\xff\x65\x56\xff\
    \xff\x87\x00\x00\x00\x00\x00\x00\xa0\xff\xff\x50\x56\xff\xff\x87\x00\x00\x00\x00\x00\x00\xbb\xff\
    \xff\x31\x56\xff\xff\x87\x00\x00\x00\x00\x00\x00\xe7\xff\xe2\x00\x56\xff\xff\x87\x00\x00\x00\x00\
    \x00\x5b\xff\xff\xa7\x00\x56\xff\xff\x87\x00\x00\x00\x00\x28\xda\xff\xf8\x3c\x00\x56\xff\xff\x87\
    \x00\x15\x3d\x8d\xe7\xff\xff\x92\x00\x00\x56\xff\xff\xfa\xf7\xff\xff\xff\xff\xfc\x8c\x02\x00\x00\
    \x56\xff\xff\xff\xff\xff\xff\xe9\xa5\x47\x00\x00\x00\x00\x1b\x50\x50\x50\x4f\x39\x14\x00\x00\x00\
    \x00\x00\x00\x00\x28\x48\x48\x48\x48\x48\x48\x48\x48\x48\x48\x48\x09\x8e\xff\xff\xff\xff\xff\xff\
    \xff\xff\xff\xff\xff\x1f\x8e\xff\xff\xff\xff\xff\xff\xff\xff\xff\xff\xff\x1f\x8e\xff\xff\x51\x16\
    \x16\x16\x16\x16\x16\x16\x16\x03\x8e\xff\xff\x49\x00\x00\x00\x00\x00\x00\x00\x00\x00\x8e\xff\xff\
    \x49\x00\x00\x00\x00\x00\x00\x00\x00\x00\x8e\xff\xff\x49\x00\x00\x00\x00\x00\x00\x00\x00\x00\x8e\
    \xff\xff\x49\x00\x00\x00\x00\x00\x00\x00\x00\x00\x8e\xff\xff\x7c\x59\x59\x59\x59\x59\x59\x59\x42\
    \x00\x8e\xff\xff\xff\xff\xff\xff\xff\xff\xff\xff\xbe\x00\x8e\xff\xff\xfb\xfa\xfa\xfa\xfa\xfa\xfa\
    \xfa\xba\x00\x8e\xff\xff\x49\x00\x00\x00\x00\x00\x00\x00\x00\x00\x8e\xff\xff\x49\x00\x00\x00\x00\
    \x00\x00\x00\x00\x00\x8e\xff\xff\x49\x00\x00\x00\x00\x00\x00\x00\x00\x00\x8e\xff\xff\x49\x00\x00\
    \x00\x00\x00\x00\x00\x00\x00\x8e\xff\xff\x49\x00\x00\x00\x00\x00\x00\x00\x00\x00\x8e\xff\xff\x49\
    \x00\x00\x00\x00\x00\x00\x00\x00\x00\x8e\xff\xff\x4b\x06\x06\x06\x06\x06\x06\x06\x06\x03\x8e\xff\
    \xff\xff\xff\xff\xff\xff\xff\xff\xff\xff\x6b\x8e\xff\xff\xff\xff\xff\xff\xff\xff\xff\xff\xff\x6b\
    \x2d\x50\x50\x50\x50\x50\x50\x50\x50\x50\x50\x50\x22\x47\x48\x48\x48\x48\x48\x48\x48\x48\x48\x48\
    \x27\xfb\xff\xff\xff\xff\xff\xff\xff\xff\xff\xff\x8b\xfb\xff\xff\xff\xff\xff\xff\xff\xff\xff\xff\
    \x8b\xfb\xff\xbf\x16\x16\x16\x16\x16\x16\x16\x16\x0c\xfb\xff\xbd\x00\x00\x00\x00\x00\x00\x00\x00\
    \x00\xfb\xff\xbd\x00\x00\x00\x00\x00\x00\x00\x00\x00\xfb\xff\xbd\x00\x00\x00\x00\x00\x00\x00\x00\
    \x00\xfb\xff\xbd\x00\x00\x00\x00\x00\x00\x00\x00\x00\xfb\xff\xce\x60\x60\x60\x60\x60\x60\x60\x44\
    \x00\xfb\xff\xff\xff\xff\xff\xff\xff\xff\xff\xb3\x00\xfb\xff\xfc\xf5\xf5\xf5\xf5\xf5\xf5\xf5\xac\
    \x00\xfb\xff\xbd\x00\x00\x00\x00\x00\x00\x00\x00\x00\xfb\xff\xbd\x00\x00\x00\x00\x00\x00\x00\x00\
    \x00\xfb\xff\xbd\x00\x00\x00\x00\x00\x00\x00\x00\x00\xfb\xff\xbd\x00\x00\x00\x00\x00\x00\x00\x00\
    \x00\xfb\xff\xbd\x00\x00\x00\x00\x00\x00\x00\x00\x00\xfb\xff\xbd\x00\x00\x00\x00\x00\x00\x00\x00\
    \x00\xfb\xff\xbd\x00\x00\x00\x00\x00\x00\x00\x00\x00\xfb\xff\xbd\x00\x00\x00\x00\x00\x00\x00\x00\
    \x00\xfb\xff\xbd\x00\x00\x00\x00\x00\x00\x00\x00\x00\x4f\x50\x3b\x00\x00\x00\x00\x00\x00\x00\x00\
    \x00\x00\x00\x00\x00\x00\x2b\x6d\x8c\x94\x72\x3f\x00\x00\x00\x00\x00\x00\x28\xaf\xf9\xff\xff\xff\
    \xff\xfe\xc5\x4f\x00\x00\x00\x31\xdf\xff\xff\xeb\xc5\xc0\xe7\xff\xff\xbe\x00\x00\x09\xd9\xff\xfd\
    \x8b\x0f\x00\x00\x00\x3c\xcf\xbe\x00\x00\x81\xff\xff\x90\x00\x00\x00\x00\x00\x00\x07\x54\x00\x00\
    \xe4\xff\xeb\x11\x00\x00\x00\x00\x00\x00\x00\x00\x00\x3d\xff\xff\xa6\x00\x00\x00\x00\x00\x00\x00\
    \x00\x00\x00\x84\xff\xff\x74\x00\x00\x00\x00\x00\x00\x00\x00\x00\x00\x9e\xff\xff\x4b\x00\x00\x00\
    \x00\x00\x00\x00\x00\x00\x00\xb0\xff\xff\x38\x00\x00\x00\x00\x00\x00\x00\x00\x00\x00\xbc\xff\xff\
    \x28\x00\x00\x00\x00\xcc\xcd\xcd\xcd\xcd\x5c\xb1\xff\xff\x36\x00\x00\x00\x00\xfe\xff\xff\xff\xff\
    \x72\xa0\xff\xff\x48\x00\x00\x00\x00\x87\x87\x9f\xff\xff\x72\x88\xff\xff\x6c\x00\x00\x00\x00\x00\
    \x00\x4a\xff\xff\x72\x45\xff\xff\x9e\x00\x00\x00\x00\x00\x00\x4a\xff\xff\x72\x02\xea\xff\xe1\x06\
    \x00\x00\x00\x00\x00\x4a\xff\xff\x72\x00\x8e\xff\xff\x78\x00\x00\x00\x00\x00\x4a\xff\xff\x72\x00\
    \x11\xe3\xff\xf8\x71\x03\x00\x00\x00\x6f\xff\xff\x72\x00\x00\x40\xe9\xff\xff\xde\xb8\xb2\xd2\xff\
    \xff\xf9\x59\x00\x00\x00\x37\xbf\xfd\xff\xff\xff\xff\xff\xcd\x40\x00\x00\x00\x00\x00\x00\x3d\x7c\
    \x9a\x9c\x73\x43\x03\x00\x00\x18\x48\x48\x26\x00\x00\x00\x00\x00\x00\x26\x48\x48\x18\x56\xff\xff\
    \x87\x00\x00\x00\x00\x00\x00\x87\xff\xff\x56\x56\xff\xff\x87\x00\x00\x00\x00\x00\x00\x87\xff\xff\
    \x56\x56\xff\xff\x87\x00\x00\x00\x00\x00\x00\x87\xff\xff\x56\x56\xff\xff\x87\x00\x00\x00\x00\x00\
    \x00\x87\xff\xff\x56\x56\xff\xff\x87\x00\x00\x00\x00\x00\x00\x87\xff\xff\x56\x56\xff\xff\x87\x00\
    \x00\x00\x00\x00\x00\x87\xff\xff\x56\x56\xff\xff\x87\x00\x00\x00\x00\x00\x00\x87\xff\xff\x56\x56\
    \xff\xff\xa5\x59\x59\x59\x59\x59\x59\xa5\xff\xff\x56\x56\xff\xff\xff\xff\xff\xff\xff\xff\xff\xff\
    \xff\xff\x56\x56\xff\xff\xfc\xfa\xfa\xfa\xfa\xfa\xfa\xfc\xff\xff\x56\x56\xff\xff\x87\x00\x00\x00\
    \x00\x00\x00\x87\xff\xff\x56\x56\xff\xff\x87\x00\x00\x00\x00\x00\x00\x87\xff\xff\x56\x56\xff\xff\
    \x87\x00\x00\x00\x00\x00\x00\x87\xff\xff\x56\x56\xff\xff\x87\x00\x00\x00\x00\x00\x00\x87\xff\xff\
    \x56\x56\xff\xff\x87\x00\x00\x00\x00\x00\x00\x87\xff\xff\x56\x56\xff\xff\x87\x00\x00\x00\x00\x00\
    \x00\x87\xff\xff\x56\x56\xff\xff\x87\x00\x00\x00\x00\x00\x00\x87\xff\xff\x56\x56\xff\xff\x87\x00\
    \x00\x00\x00\x00\x00\x87\xff\xff\x56\x56\xff\xff\x87\x00\x00\x00\x00\x00\x00\x87\xff\xff\x56\x1b\
    \x50\x50\x2a\x00\x00\x00\x00\x00\x00\x2a\x50\x50\x1b\x25\x48\x48\x48\x48\x48\x48\x48\x48\x48\x48\
    \x23\x82\xff\xff\xff\xff\xff\xff\xff\xff\xff\xff\x7c\x82\xff\xff\xff\xff\xff\xff\xff\xff\xff\xff\
    \x7c\x0b\x16\x16\x16\x78\xff\xff\x72\x16\x16\x16\x0a\x00\x00\x00\x00\x73\xff\xff\x6c\x00\x00\x00\
    \x00\x00\x00\x00\x00\x73\xff\xff\x6c\x00\x00\x00\x00\x00\x00\x00\x00\x73\xff\xff\x6c\x00\x00\x00\
    \x00\x00\x00\x00\x00\x73\xff\xff\x6c\x00\x00\x00\x00\x00\x00\x00\x00\x73\xff\xff\x6c\x00\x00\x00\
    \x00\x00\x00\x00\x00\x73\xff\xff\x6c\x00\x00\x00\x00\x00\x00\x00\x00\x73\xff\xff\x6c\x00\x00\x00\
    \x00\x00\x00\x00\x00\x73\xff\xff\x6c\x00\x00\x00\x00\x00\x00\x00\x00\x73\xff\xff\x6c\x00\x00\x00\
    \x00\x00\x00\x00\x00\x73\xff\xff\x6c\x00\x00\x00\x00\x00\x00\x00\x00\x73\xff\xff\x6c\x00\x00\x00\
    \x00\x00\x00\x00\x00\x73\xff\xff\x6c\x00\x00\x00\x00\x00\x00\x00\x00\x73\xff\xff\x6c\x00\x00\x00\
    \x00\x03\x06\x06\x06\x74\xff\xff\x6d\x06\x06\x06\x03\x82\xff\xff\xff\xff\xff\xff\xff\xff\xff\xff\
    \x7c\x82\xff\xff\xff\xff\xff\xff\xff\xff\xff\xff\x7c\x29\x50\x50\x50\x50\x50\x50\x50\x50\x50\x50\
    \x27\x00\x00\x00\x13\x48\x48\x48\x48\x48\x48\x48\x26\x00\x00\x00\x44\xff\xff\xff\xff\xff\xff\xff\
    \x85\x00\x00\x00\x44\xff\xff\xff\xff\xff\xff\xff\x85\x00\x00\x00\x06\x16\x16\x16\x16\x5c\xff\xff\
    \x85\x00\x00\x00\x00\x00\x00\x00\x00\x55\xff\xff\x85\x00\x00\x00\x00\x00\x00\x00\x00\x55\xff\xff\
    \x85\x00\x00\x00\x00\x00\x00\x00\x00\x55\xff\xff\x85\x00\x00\x00\x00\x00\x00\x00\x00\x55\xff\xff\
    \x85\x00\x00\x00\x00\x00\x00\x00\x00\x55\xff\xff\x85\x00\x00\x00\x00\x00\x00\x00\x00\x55\xff\xff\
    \x85\x00\x00\x00\x00\x00\x00\x00\x00\x55\xff\xff\x85\x00\x00\x00\x00\x00\x00\x00\x00\x55\xff\xff\
    \x85\x00\x00\x00\x00\x00\x00\x00\x00\x55\xff\xff\x85\x00\x00\x00\x00\x00\x00\x00\x00\x55\xff\xff\
    \x85\x00\x00\x00\x00\x00\x00\x00\x00\x63\xff\xff\x7b\x00\x00\x00\x00\x00\x00\x00\x00\x78\xff\xff\
    \x6a\x64\x21\x00\x00\x00\x00\x00\x00\xa8\xff\xff\x3f\xad\xeb\x6e\x06\x00\x00\x00\x45\xf2\xff\xe7\
    \x01\xad\xff\xff\xf4\xce\xb0\xc7\xf8\xff\xff\x7e\x00\x6b\xd6\xfe\xff\xff\xff\xff\xff\xfa\x93\x05\
    \x00\x00\x00\x3a\x78\x93\xa6\x98\x79\x23\x00\x00\x00\x18\x48\x48\x26\x00\x00\x00\x00\x00\x00\x00\
    \x2b\x48\x48\x32\x56\xff\xff\x87\x00\x00\x00\x00\x00\x00\x3e\xec\xff\xec\x3d\x56\xff\xff\x87\x00\
    \x00\x00\x00\x00\x35\xe8\xff\xf0\x45\x00\x56\xff\xff\x87\x00\x00\x00\x00\x2d\xe3\xff\xf3\x4e\x00\
    \x00\x56\xff\xff\x87\x00\x00\x00\x26\xdd\xff\xf6\x57\x00\x00\x00\x56\xff\xff\x87\x00\x00\x1f\xd7\
    \xff\xf9\x60\x00\x00\x00\x00\x56\xff\xff\x87\x00\x18\xd0\xff\xfb\x6a\x00\x00\x00\x00\x00\x56\xff\
    \xff\x87\x12\xc9\xff\xfd\x73\x00\x00\x00\x00\x00\x00\x56\xff\xff\x8a\xc1\xff\xff\x89\x00\x00\x00\
    \x00\x00\x00\x00\x56\xff\xff\xee\xff\xff\xff\xbb\x00\x00\x00\x00\x00\x00\x00\x56\xff\xff\xff\xff\
    \xd9\xff\xff\x72\x00\x00\x00\x00\x00\x00\x56\xff\xff\xff\x93\x1e\xe9\xff\xf0\x2c\x00\x00\x00\x00\
    \x00\x56\xff\xff\xaf\x00\x00\x67\xff\xff\xc1\x01\x00\x00\x00\x00\x56\xff\xff\x87\x00\x00\x00\xb7\
    \xff\xff\x7a\x00\x00\x00\x00\x56\xff\xff\x87\x00\x00\x00\x26\xee\xff\xf2\x32\x00\x00\x00\x56\xff\
    \xff\x87\x00\x00\x00\x00\x73\xff\xff\xc7\x03\x00\x00\x56\xff\xff\x87\x00\x00\x00\x00\x00\xc1\xff\
    \xff\x81\x00\x00\x56\xff\xff\x87\x00\x00\x00\x00\x00\x2f\xf2\xff\xf5\x38\x00\x56\xff\xff\x87\x00\
    \x00\x00\x00\x00\x00\x7e\xff\xff\xcd\x06\x56\xff\xff\x87\x00\x00\x00\x00\x00\x00\x03\xca\xff\xff\
    \x89\x1b\x50\x50\x2a\x00\x00\x00\x00\x00\x00\x00\x24\x50\x50\x46\x17\x48\x48\x27\x00\x00\x00\x00\
    \x00\x00\x00\x00\x00\x53\xff\xff\x8a\x00\x00\x00\x00\x00\x00\x00\x00\x00\x53\xff\xff\x8a\x00\x00\
    \x00\x00\x00\x00\x00\x00\x00\x53\xff\xff\x8a\x00\x00\x00\x00\x00\x00\x00\x00\x00\x53\xff\xff\x8a\
    \x00\x00\x00\x00\x00\x00\x00\x00\x00\x53\xff\xff\x8a\x00\x00\x00\x00\x00\x00\x00\x00\x00\x53\xff\
    \xff\x8a\x00\x00\x00\x00\x00\x00\x00\x00\x00\x53\xff\xff\x8a\x00\x00\x00\x00\x00\x00\x00\x00\x00\
    \x53\xff\xff\x8a\x00\x00\x00\x00\x00\x00\x00\x00\x00\x53\xff\xff\x8a\x00\x00\x00\x00\x00\x00\x00\
    \x00\x00\x53\xff\xff\x8a\x00\x00\x00\x00\x00\x00\x00\x00\x00\x53\xff\xff\x8a\x00\x00\x00\x00\x00\
    \x00\x00\x00\x00\x53\xff\xff\x8a\x00\x00\x00\x00\x00\x00\x00\x00\x00\x53\xff\xff\x8a\x00\x00\x00\
    \x00\x00\x00\x00\x00\x00\x53\xff\xff\x8a\x00\x00\x00\x00\x00\x00\x00\x00\x00\x53\xff\xff\x8a\x00\
    \x00\x00\x00\x00\x00\x00\x00\x00\x53\xff\xff\x8a\x00\x00\x00\x00\x00\x00\x00\x00\x00\x53\xff\xff\
    \x8a\x06\x06\x06\x06\x06\x06\x06\x06\x05\x53\xff\xff\xff\xff\xff\xff\xff\xff\xff\xff\xff\xd5\x53\
    \xff\xff\xff\xff\xff\xff\xff\xff\xff\xff\xff\xd5\x1a\x50\x50\x50\x50\x50\x50\x50\x50\x50\x50\x50\
    \x43\x42\x48\x48\x35\x00\x00\x00\x00\x00\x00\x37\x48\x48\x41\xe9\xff\xff\xe2\x01\x00\x00\x00\x00\
    \x06\xe9\xff\xff\xe4\xe9\xff\xff\xff\x4c\x00\x00\x00\x00\x59\xff\xff\xff\xe4\xe9\xff\xe4\xff\xa1\
    \x00\x00\x00\x00\xab\xff\xe4\xff\xe4\xe9\xff\xaa\xf6\xe6\x03\x00\x00\x0a\xed\xf2\xaf\xff\xe4\xe9\
    \xff\xa1\xbb\xff\x52\x00\x00\x60\xff\xb4\xaa\xff\xe4\xe9\xff\xa1\x6e\xff\xa5\x00\x00\xb0\xff\x65\
    \xaa\xff\xe4\xe9\xff\xa1\x14\xf4\xe9\x05\x0e\xf1\xf0\x0e\xaa\xff\xe4\xe9\xff\xa1\x00\xb7\xff\x57\
    \x67\xff\xb1\x00\xaa\xff\xe4\xe9\xff\xa1\x00\x6a\xff\xa9\xb6\xff\x61\x00\xaa\xff\xe4\xe9\xff\xa1\
    \x00\x11\xf2\xec\xf4\xef\x0b\x00\xaa\xff\xe4\xe9\xff\xa1\x00\x00\xb4\xff\xff\xae\x00\x00\xaa\xff\
    \xe4\xe9\xff\xa1\x00\x00\x65\xff\xff\x5e\x00\x00\xaa\xff\xe4\xe9\xff\xa1\x00\x00\x0d\x6a\x6a\x09\
    \x00\x00\xaa\xff\xe4\xe9\xff\xa1\x00\x00\x00\x00\x00\x00\x00\x00\xaa\xff\xe4\xe9\xff\xa1\x00\x00\
    \x00\x00\x00\x00\x00\x00\xaa\xff\xe4\xe9\xff\xa1\x00\x00\x00\x00\x00\x00\x00\x00\xaa\xff\xe4\xe9\
    \xff\xa1\x00\x00\x00\x00\x00\x00\x00\x00\xaa\xff\xe4\xe9\xff\xa1\x00\x00\x00\x00\x00\x00\x00\x00\
    \xaa\xff\xe4\xe9\xff\xa1\x00\x00\x00\x00\x00\x00\x00\x00\xaa\xff\xe4\x49\x50\x33\x00\x00\x00\x00\
    \x00\x00\x00\x00\x35\x50\x48\x16\x48\x48\x48\x13\x00\x00\x00\x00\x00\x21\x48\x48\x16\x4f\xff\xff\
    \xff\x84\x00\x00\x00\x00\x00\x74\xff\xff\x4f\x4f\xff\xff\xff\xdb\x01\x00\x00\x00\x00\x74\xff\xff\
    \x4f\x4f\xff\xff\xff\xff\x56\x00\x00\x00\x00\x74\xff\xff\x4f\x4f\xff\xff\xea\xff\xb7\x00\x00\x00\
    \x00\x74\xff\xff\x4f\x4f\xff\xff\x99\xfe\xf9\x27\x00\x00\x00\x74\xff\xff\x4f\x4f\xff\xff\x74\xce\
    \xff\x90\x00\x00\x00\x74\xff\xff\x4f\x4f\xff\xff\x74\x74\xff\xe4\x06\x00\x00\x74\xff\xff\x4f\x4f\
    \xff\xff\x74\x0f\xed\xff\x64\x00\x00\x74\xff\xff\x4f\x4f\xff\xff\x74\x00\x9e\xff\xc2\x00\x00\x74\
    \xff\xff\x4f\x4f\xff\xff\x74\x00\x36\xfd\xfc\x33\x00\x74\xff\xff\x4f\x4f\xff\xff\x74\x00\x00\xc4\
    \xff\x9b\x00\x74\xff\xff\x4f\x4f\xff\xff\x74\x00\x00\x67\xff\xec\x0e\x74\xff\xff\x4f\x4f\xff\xff\
    \x74\x00\x00\x08\xe6\xff\x71\x74\xff\xff\x4f\x4f\xff\xff\x74\x00\x00\x00\x93\xff\xcc\x74\xff\xff\
    \x4f\x4f\xff\xff\x74\x00\x00\x00\x2a\xfa\xfe\x97\xff\xff\x4f\x4f\xff\xff\x74\x00\x00\x00\x00\xba\
    \xff\xe8\xff\xff\x4f\x4f\xff\xff\x74\x00\x00\x00\x00\x59\xff\xff\xff\xff\x4f\x4f\xff\xff\x74\x00\
    \x00\x00\x00\x02\xdd\xff\xff\xff\x4f\x4f\xff\xff\x74\x00\x00\x00\x00\x00\x87\xff\xff\xff\x4f\x19\
    \x50\x50\x24\x00\x00\x00\x00\x00\x16\x50\x50\x50\x19\x00\x00\x00\x00\x22\x6f\x91\x90\x6f\x21\x00\
    \x00\x00\x00\x00\x00\x00\x8d\xf2\xff\xff\xff\xff\xf2\x8d\x00\x00\x00\x00\x00\x91\xff\xff\xf9\xcd\
    \xcd\xf9\xff\xff\x91\x00\x00\x00\x3c\xfd\xff\xe3\x27\x00\x00\x27\xe3\xff\xfd\x3c\x00\x00\xac\xff\
    \xfe\x45\x00\x00\x00\x00\x45\xfe\xff\xac\x00\x00\xeb\xff\xd6\x00\x00\x00\x00\x00\x00\xd6\xff\xeb\
    \x00\x32\xff\xff\xa9\x00\x00\x00\x00\x00\x00\xa9\xff\xff\x32\x69\xff\xff\x88\x00\x00\x00\x00\x00\
    \x00\x88\xff\xff\x69\x7b\xff\xff\x74\x00\x00\x00\x00\x00\x00\x74\xff\xff\x7b\x89\xff\xff\x6a\x00\
    \x00\x00\x00\x00\x00\x6a\xff\xff\x89\x93\xff\xff\x62\x00\x00\x00\x00\x00\x00\x62\xff\xff\x93\x8a\
    \xff\xff\x69\x00\x00\x00\x00\x00\x00\x69\xff\xff\x8a\x7c\xff\xff\x73\x00\x00\x00\x00\x00\x00\x73\
    \xff\xff\x7c\x6c\xff\xff\x87\x00\x00\x00\x00\x00\x00\x86\xff\xff\x6b\x38\xff\xff\xa7\x00\x00\x00\
    \x00\x00\x00\xa7\xff\xff\x36\x01\xee\xff\xd3\x00\x00\x00\x00\x00\x00\xd2\xff\xed\x01\x00\xb3\xff\
    \xfe\x3d\x00\x00\x00\x00\x3d\xfe\xff\xb1\x00\x00\x45\xfe\xff\xdd\x1e\x00\x00\x1e\xdd\xff\xfe\x42\
    \x00\x00\x00\x9f\xff\xff\xf3\xc2\xc2\xf4\xff\xff\x9b\x00\x00\x00\x00\x03\x9c\xf8\xff\xff\xff\xff\
    \xf7\x99\x02\x00\x00\x00\x00\x00\x00\x2e\x7d\x9d\x9c\x7c\x2c\x00\x00\x00\x00\x28\x48\x48\x48\x48\
    \x48\x3c\x0f\x00\x00\x00\x00\x00\x8e\xff\xff\xff\xff\xff\xff\xfd\xe8\xab\x2c\x00\x00\x8e\xff\xff\
    \xfc\xfb\xfb\xfe\xff\xff\xff\xf6\x63\x00\x8e\xff\xff\x49\x00\x00\x15\x49\xb2\xfe\xff\xeb\x25\x8e\
    \xff\xff\x49\x00\x00\x00\x00\x00\xaa\xff\xff\x8f\x8e\xff\xff\x49\x00\x00\x00\x00\x00\x37\xff\xff\
    \xb5\x8e\xff\xff\x49\x00\x00\x00\x00\x00\x04\xfa\xff\xd2\x8e\xff\xff\x49\x00\x00\x00\x00\x00\x29\
    \xff\xff\xbd\x8e\xff\xff\x49\x00\x00\x00\x00\x00\x8a\xff\xff\x99\x8e\xff\xff\x49\x00\x00\x00\x06\
    \x7e\xf7\xff\xf9\x45\x8e\xff\xff\xd6\xcd\xcd\xd6\xf2\xff\xff\xff\x8e\x00\x8e\xff\xff\xff\xff\xff\
    \xff\xff\xff\xdc\x68\x01\x00\x8e\xff\xff\x9f\x87\x87\x7e\x5e\x38\x06\x00\x00\x00\x8e\xff\xff\x49\
    \x00\x00\x00\x00\x00\x00\x00\x00\x00\x8e\xff\xff\x49\x00\x00\x00\x00\x00\x00\x00\x00\x00\x8e\xff\
    \xff\x49\x00\x00\x00\x00\x00\x00\x00\x00\x00\x8e\xff\xff\x49\x00\x00\x00\x00\x00\x00\x00\x00\x00\
    \x8e\xff\xff\x49\x00\x00\x00\x00\x00\x00\x00\x00\x00\x8e\xff\xff\x49\x00\x00\x00\x00\x00\x00\x00\
    \x00\x00\x8e\xff\xff\x49\x00\x00\x00\x00\x00\x00\x00\x00\x00\x2d\x50\x50\x17\x00\x00\x00\x00\x00\
    \x00\x00\x00\x00\x00\x00\x00\x00\x22\x6f\x91\x90\x6f\x21\x00\x00\x00\x00\x00\x00\x00\x8d\xf2\xff\
    \xff\xff\xff\xf2\x8d\x00\x00\x00\x00\x00\x91\xff\xff\xf9\xcd\xcd\xf9\xff\xff\x91\x00\x00\x00\x3c\
    \xfd\xff\xe3\x27\x00\x00\x27\xe3\xff\xfd\x3c\x00\x00\xac\xff\xfe\x45\x00\x00\x00\x00\x45\xfe\xff\
    \xac\x00\x00\xeb\xff\xd6\x00\x00\x00\x00\x00\x00\xd6\xff\xeb\x00\x32\xff\xff\xa9\x00\x00\x00\x00\
    \x00\x00\xa9\xff\xff\x32\x69\xff\xff\x88\x00\x00\x00\x00\x00\x00\x88\xff\xff\x69\x7b\xff\xff\x74\
    \x00\x00\x00\x00\x00\x00\x74\xff\xff\x7b\x89\xff\xff\x6a\x00\x00\x00\x00\x00\x00\x6a\xff\xff\x89\
    \x93\xff\xff\x62\x00\x00\x00\x00\x00\x00\x62\xff\xff\x93\x8a\xff\xff\x69\x00\x00\x00\x00\x00\x00\
    \x69\xff\xff\x88\x7c\xff\xff\x73\x00\x00\x00\x00\x00\x00\x73\xff\xff\x79\x6b\xff\xff\x87\x00\x00\
    \x00\x00\x00\x00\x86\xff\xff\x69\x36\xff\xff\xa7\x00\x00\x00\x00\x00\x00\xa7\xff\xff\x3b\x01\xed\
    \xff\xd3\x00\x00\x00\x00\x00\x00\xd2\xff\xe9\x00\x00\xb1\xff\xfe\x3d\x00\x00\x00\x00\x3d\xfe\xff\
    \xb5\x00\x00\x42\xfe\xff\xdd\x1e\x00\x00\x1e\xdd\xff\xfb\x41\x00\x00\x00\x9b\xff\xff\xf3\xc2\xc2\
    \xf4\xff\xff\xa0\x00\x00\x00\x00\x02\x9a\xf7\xff\xff\xff\xff\xfe\x90\x02\x00\x00\x00\x00\x00\x00\
    \x2d\x7d\x9d\xc2\xff\xff\x98\x00\x00\x00\x00\x00\x00\x00\x00\x00\x00\x03\xad\xff\xff\xa3\x03\x00\
    \x00\x00\x00\x00\x00\x00\x00\x00\x06\xb4\xff\xf5\x4f\x00\x00\x00\x00\x00\x00\x00\x00\x00\x00\x0a\
    \x97\x37\x00\x00\x12\x48\x48\x48\x48\x48\x3d\x11\x00\x00\x00\x00\x00\x00\x00\x3f\xff\xff\xff\xff\
    \xff\xff\xfd\xea\xae\x32\x00\x00\x00\x00\x3f\xff\xff\xfd\xfb\xfb\xfe\xff\xff\xff\xf9\x6d\x00\x00\
    \x00\x3f\xff\xff\x99\x00\x00\x12\x41\xa3\xfb\xff\xf2\x34\x00\x00\x3f\xff\xff\x99\x00\x00\x00\x00\
    \x00\x94\xff\xff\x9c\x00\x00\x3f\xff\xff\x99\x00\x00\x00\x00\x00\x27\xff\xff\xc1\x00\x00\x3f\xff\
    \xff\x99\x00\x00\x00\x00\x00\x00\xf7\xff\xda\x00\x00\x3f\xff\xff\x99\x00\x00\x00\x00\x00\x2a\xff\
    \xff\xc2\x00\x00\x3f\xff\xff\x99\x00\x00\x00\x00\x00\x9c\xff\xff\x83\x00\x00\x3f\xff\xff\xa8\x3f\
    \x3f\x47\x68\xb6\xfd\xff\xd1\x0b\x00\x00\x3f\xff\xff\xff\xff\xff\xff\xff\xff\xe5\x9d\x11\x00\x00\
    \x00\x3f\xff\xff\xff\xff\xff\xff\xff\xfd\xae\x2a\x00\x00\x00\x00\x3f\xff\xff\x9a\x0b\x0b\x29\x74\
    \xed\xff\xe7\x23\x00\x00\x00\x3f\xff\xff\x99\x00\x00\x00\x00\x50\xfb\xff\xb1\x00\x00\x00\x3f\xff\
    \xff\x99\x00\x00\x00\x00\x00\xab\xff\xfc\x44\x00\x00\x3f\xff\xff\x99\x00\x00\x00\x00\x00\x2a\xf7\
    \xff\xbd\x00\x00\x3f\xff\xff\x99\x00\x00\x00\x00\x00\x00\xa9\xff\xfe\x46\x00\x3f\xff\xff\x99\x00\
    \x00\x00\x00\x00\x00\x35\xfb\xff\xbc\x00\x3f\xff\xff\x99\x00\x00\x00\x00\x00\x00\x00\xb4\xff\xfd\
    \x45\x3f\xff\xff\x99\x00\x00\x00\x00\x00\x00\x00\x43\xfd\xff\xbb\x14\x50\x50\x30\x00\x00\x00\x00\
    \x00\x00\x00\x00\x48\x50\x4d\x00\x00\x00\x00\x2b\x64\x89\x98\x80\x5f\x15\x00\x00\x00\x00\x00\x1a\
    \x9d\xf8\xff\xff\xff\xff\xff\xf7\xc5\x26\x00\x00\x0c\xd3\xff\xff\xec\xc7\xbb\xd8\xf6\xff\xff\x3b\
    \x00\x00\x9a\xff\xff\x93\x11\x00\x00\x00\x0c\x7a\xe0\x3b\x00\x00\xe8\xff\xb9\x00\x00\x00\x00\x00\
    \x00\x00\x07\x0d\x00\x25\xff\xff\x7e\x00\x00\x00\x00\x00\x00\x00\x00\x00\x00\x3e\xff\xff\x88\x00\
    \x00\x00\x00\x00\x00\x00\x00\x00\x00\x0b\xfa\xff\xdf\x1f\x00\x00\x00\x00\x00\x00\x00\x00\x00\x00\
    \xb4\xff\xff\xeb\x96\x47\x04\x00\x00\x00\x00\x00\x00\x00\x26\xdb\xff\xff\xff\xff\xf0\xb9\x6a\x10\
    \x00\x00\x00\x00\x00\x10\x97\xe7\xff\xff\xff\xff\xff\xe4\x4f\x00\x00\x00\x00\x00\x00\x03\x51\x96\
    \xcb\xfb\xff\xff\xfa\x4d\x00\x00\x00\x00\x00\x00\x00\x00\x00\x22\xa4\xfe\xff\xd0\x00\x00\x00\x00\
    \x00\x00\x00\x00\x00\x00\x00\xb8\xff\xfe\x1b\x00\x00\x00\x00\x00\x00\x00\x00\x00\x00\x76\xff\xff\
    \x4c\x00\x00\x00\x00\x00\x00\x00\x00\x00\x00\x75\xff\xff\x3f\x00\x40\x00\x00\x00\x00\x00\x00\x00\
    \x00\xb2\xff\xf7\x09\x00\xf4\xbf\x4a\x00\x00\x00\x00\x0c\x89\xfe\xff\xc0\x00\x00\xf6\xff\xff\xea\
    \xca\xae\xbf\xe7\xff\xff\xed\x2a\x00\x00\xa2\xe6\xff\xff\xff\xff\xff\xff\xfe\xbd\x40\x00\x00\x00\
    \x00\x02\x4b\x7a\x93\xa5\x91\x73\x40\x00\x00\x00\x00\x25\x48\x48\x48\x48\x48\x48\x48\x48\x48\x48\
    \x48\x48\x48\x48\x25\x81\xff\xff\xff\xff\xff\xff\xff\xff\xff\xff\xff\xff\xff\xff\x81\x81\xff\xff\
    \xff\xff\xff\xff\xff\xff\xff\xff\xff\xff\xff\xff\x81\x0b\x16\x16\x16\x16\x16\x72\xff\xff\x78\x16\
    \x16\x16\x16\x16\x0b\x00\x00\x00\x00\x00\x00\x6c\xff\xff\x73\x00\x00\x00\x00\x00\x00\x00\x00\x00\
    \x00\x00\x00\x6c\xff\xff\x73\x00\x00\x00\x00\x00\x00\x00\x00\x00\x00\x00\x00\x6c\xff\xff\x73\x00\
    \x00\x00\x00\x00\x00\x00\x00\x00\x00\x00\x00\x6c\xff\xff\x73\x00\x00\x00\x00\x00\x00\x00\x00\x00\
    \x00\x00\x00\x6c\xff\xff\x73\x00\x00\x00\x00\x00\x00\x00\x00\x00\x00\x00\x00\x6c\xff\xff\x73\x00\
    \x00\x00\x00\x00\x00\x00\x00\x00\x00\x00\x00\x6c\xff\xff\x73\x00\x00\x00\x00\x00\x00\x00\x00\x00\
    \x00\x00\x00\x6c\xff\xff\x73\x00\x00\x00\x00\x00\x00\x00\x00\x00\x00\x00\x00\x6c\xff\xff\x73\x00\
    \x00\x00\x00\x00\x00\x00\x00\x00\x00\x00\x00\x6c\xff\xff\x73\x00\x00\x00\x00\x00\x00\x00\x00\x00\
    \x00\x00\x00\x6c\xff\xff\x73\x00\x00\x00\x00\x00\x00\x00\x00\x00\x00\x00\x00\x6c\xff\xff\x73\x00\
    \x00\x00\x00\x00\x00\x00\x00\x00\x00\x00\x00\x6c\xff\xff\x73\x00\x00\x00\x00\x00\x00\x00\x00\x00\
    \x00\x00\x00\x6c\xff\xff\x73\x00\x00\x00\x00\x00\x00\x00\x00\x00\x00\x00\x00\x6c\xff\xff\x73\x00\
    \x00\x00\x00\x00\x00\x00\x00\x00\x00\x00\x00\x6c\xff\xff\x73\x00\x00\x00\x00\x00\x00\x00\x00\x00\
    \x00\x00\x00\x22\x50\x50\x24\x00\x00\x00\x00\x00\x00\x0d\x48\x48\x2e\x00\x00\x00\x00\x00\x00\x2e\
    \x48\x48\x0c\x2e\xff\xff\xa4\x00\x00\x00\x00\x00\x00\xa4\xff\xff\x29\x2e\xff\xff\xa4\x00\x00\x00\
    \x00\x00\x00\xa4\xff\xff\x29\x2e\xff\xff\xa4\x00\x00\x00\x00\x00\x00\xa4\xff\xff\x29\x2e\xff\xff\
    \xa4\x00\x00\x00\x00\x00\x00\xa4\xff\xff\x29\x2e\xff\xff\xa4\x00\x00\x00\x00\x00\x00\xa4\xff\xff\
    \x29\x2e\xff\xff\xa4\x00\x00\x00\x00\x00\x00\xa4\xff\xff\x29\x2e\xff\xff\xa4\x00\x00\x00\x00\x00\
    \x00\xa4\xff\xff\x29\x2e\xff\xff\xa4\x00\x00\x00\x00\x00\x00\xa4\xff\xff\x29\x2e\xff\xff\xa4\x00\
    \x00\x00\x00\x00\x00\xa4\xff\xff\x29\x2e\xff\xff\xa4\x00\x00\x00\x00\x00\x00\xa4\xff\xff\x29\x2e\
    \xff\xff\xa4\x00\x00\x00\x00\x00\x00\xa4\xff\xff\x29\x2e\xff\xff\xa4\x00\x00\x00\x00\x00\x00\xa4\
    \xff\xff\x29\x24\xff\xff\xa4\x00\x00\x00\x00\x00\x00\xa4\xff\xff\x1f\x13\xff\xff\xa6\x00\x00\x00\
    \x00\x00\x00\xa6\xff\xff\x0d\x02\xf7\xff\xae\x00\x00\x00\x00\x00\x00\xad\xff\xf6\x00\x00\xd8\xff\
    \xd5\x00\x00\x00\x00\x00\x00\xd4\xff\xd7\x00\x00\x98\xff\xff\x9d\x01\x00\x00\x01\x9e\xff\xff\x97\
    \x00\x00\x21\xe2\xff\xff\xe5\xbc\xbc\xe5\xff\xff\xe1\x20\x00\x00\x00\x2b\xb2\xfd\xff\xff\xff\xff\
    \xfd\xb1\x2a\x00\x00\x00\x00\x00\x00\x40\x77\x9b\x9b\x77\x40\x00\x00\x00\x00\x19\x48\x48\x2a\x00\
    \x00\x00\x00\x00\x00\x00\x00\x2a\x48\x48\x19\x28\xfd\xff\xb7\x00\x00\x00\x00\x00\x00\x00\x00\xb7\
    \xff\xfd\x28\x00\xd3\xff\xeb\x02\x00\x00\x00\x00\x00\x00\x02\xeb\xff\xd3\x00\x00\x96\xff\xff\x44\
    \x00\x00\x00\x00\x00\x00\x44\xff\xff\x96\x00\x00\x4c\xff\xff\x89\x00\x00\x00\x00\x00\x00\x8a\xff\
    \xff\x4c\x00\x00\x03\xea\xff\xc3\x00\x00\x00\x00\x00\x00\xc4\xff\xea\x03\x00\x00\x00\xb0\xff\xf4\
    \x0c\x00\x00\x00\x00\x0c\xf4\xff\xb0\x00\x00\x00\x00\x6d\xff\xff\x55\x00\x00\x00\x00\x56\xff\xff\
    \x6d\x00\x00\x00\x00\x1b\xfa\xff\x97\x00\x00\x00\x00\x98\xff\xfa\x1b\x00\x00\x00\x00\x00\xca\xff\
    \xcf\x00\x00\x00\x00\xd0\xff\xca\x00\x00\x00\x00\x00\x00\x8b\xff\xfa\x19\x00\x00\x1a\xfa\xff\x8b\
    \x00\x00\x00\x00\x00\x00\x3d\xff\xff\x65\x00\x00\x67\xff\xff\x3d\x00\x00\x00\x00\x00\x00\x00\xe2\
    \xff\xa4\x00\x00\xa6\xff\xe2\x00\x00\x00\x00\x00\x00\x00\x00\xa6\xff\xda\x00\x00\xdc\xff\xa6\x00\
    \x00\x00\x00\x00\x00\x00\x00\x60\xff\xfe\x28\x2b\xfe\xff\x60\x00\x00\x00\x00\x00\x00\x00\x00\x10\
    \xf5\xff\x74\x76\xff\xf5\x10\x00\x00\x00\x00\x00\x00\x00\x00\x00\xc0\xff\xb0\xb3\xff\xc0\x00\x00\
    \x00\x00\x00\x00\x00\x00\x00\x00\x7f\xff\xe5\xe8\xff\x7f\x00\x00\x00\x00\x00\x00\x00\x00\x00\x00\
    \x2e\xfe\xff\xff\xfe\x2e\x00\x00\x00\x00\x00\x00\x00\x00\x00\x00\x00\xd8\xff\xff\xd8\x00\x00\x00\
    \x00\x00\x00\x00\x00\x00\x00\x00\x00\x39\x50\x50\x39\x00\x00\x00\x00\x00\x00\x48\x48\x30\x00\x00\
    \x00\x00\x00\x00\x00\x00\x00\x00\x30\x48\x48\xec\xff\xb8\x00\x00\x00\x00\x00\x00\x00\x00\x00\x00\
    \xb8\xff\xec\xcf\xff\xd0\x00\x00\x00\x00\x00\x00\x00\x00\x00\x00\xd0\xff\xcf\xb1\xff\xe7\x00\x00\
    \x00\x00\x00\x00\x00\x00\x00\x00\xe7\xff\xb1\x90\xff\xfb\x09\x00\x00\x00\x00\x00\x00\x00\x00\x09\
    \xfb\xff\x90\x6c\xff\xff\x33\x00\x00\x00\x00\x00\x00\x00\x00\x33\xff\xff\x6c\x42\xff\xff\x57\x00\
    \x00\x85\xe3\xe3\x7f\x00\x00\x57\xff\xff\x42\x0f\xfc\xff\x76\x00\x00\xbf\xff\xff\xba\x00\x00\x76\
    \xff\xfc\x0f\x00\xe4\xff\x92\x00\x00\xe9\xfd\xfd\xe5\x00\x00\x92\xff\xe4\x00\x00\xc6\xff\xac\x00\
    \x2e\xff\xdb\xdd\xff\x28\x00\xac\xff\xc6\x00\x00\xa7\xff\xc5\x00\x6c\xff\xad\xaf\xff\x68\x00\xc4\
    \xff\xa7\x00\x00\x85\xff\xdc\x00\x9f\xff\x79\x7b\xff\x9b\x00\xdc\xff\x85\x00\x00\x60\xff\xf3\x00\
    \xcb\xff\x39\x3c\xff\xc8\x00\xf2\xff\x60\x00\x00\x33\xff\xff\x20\xf3\xec\x01\x02\xed\xf1\x1f\xff\
    \xff\x33\x00\x00\x04\xf7\xff\x71\xff\xbf\x00\x00\xc1\xff\x6e\xff\xf7\x04\x00\x00\x00\xdb\xff\xbb\
    \xff\x8e\x00\x00\x8f\xff\xb9\xff\xdb\x00\x00\x00\x00\xbd\xff\xf6\xff\x54\x00\x00\x55\xff\xf5\xff\
    \xbd\x00\x00\x00\x00\x9d\xff\xff\xf9\x11\x00\x00\x11\xf9\xff\xff\x9d\x00\x00\x00\x00\x7a\xff\xff\
    \xd1\x00\x00\x00\x00\xd2\xff\xff\x7a\x00\x00\x00\x00\x53\xff\xff\xa2\x00\x00\x00\x00\xa2\xff\xff\
    \x53\x00\x00\x00\x00\x12\x50\x50\x29\x00\x00\x00\x00\x29\x50\x50\x12\x00\x00\x00\x3f\x48\x47\x02\
    \x00\x00\x00\x00\x00\x00\x00\x2e\x48\x48\x1d\x00\x94\xff\xff\x71\x00\x00\x00\x00\x00\x00\x12\xe3\
    \xff\xe6\x19\x00\x10\xe0\xff\xe7\x16\x00\x00\x00\x00\x00\x94\xff\xff\x64\x00\x00\x00\x5c\xfe\xff\
    \x98\x00\x00\x00\x00\x34\xf7\xff\xb8\x00\x00\x00\x00\x00\xb5\xff\xf7\x35\x00\x00\x00\xbc\xff\xf0\
    \x29\x00\x00\x00\x00\x00\x2a\xf1\xff\xbc\x00\x00\x5f\xff\xff\x7b\x00\x00\x00\x00\x00\x00\x00\x82\
    \xff\xff\x5b\x0d\xde\xff\xca\x02\x00\x00\x00\x00\x00\x00\x00\x06\xd4\xff\xdb\x8f\xff\xf7\x3b\x00\
    \x00\x00\x00\x00\x00\x00\x00\x00\x4a\xfc\xff\xfd\xff\x90\x00\x00\x00\x00\x00\x00\x00\x00\x00\x00\
    \x00\xa6\xff\xff\xda\x0c\x00\x00\x00\x00\x00\x00\x00\x00\x00\x00\x00\xb8\xff\xff\xe3\x13\x00\x00\
    \x00\x00\x00\x00\x00\x00\x00\x00\x63\xff\xff\xfd\xff\x97\x00\x00\x00\x00\x00\x00\x00\x00\x00\x18\
    \xe5\xff\xd6\x90\xff\xf8\x3a\x00\x00\x00\x00\x00\x00\x00\x00\xa2\xff\xfd\x4e\x11\xe4\xff\xc4\x00\
    \x00\x00\x00\x00\x00\x00\x4b\xfc\xff\xa9\x00\x00\x6d\xff\xff\x6c\x00\x00\x00\x00\x00\x09\xd6\xff\
    \xec\x1f\x00\x00\x01\xcd\xff\xe7\x17\x00\x00\x00\x00\x8a\xff\xff\x74\x00\x00\x00\x00\x4a\xfd\xff\
    \x9e\x00\x00\x00\x35\xf5\xff\xc9\x01\x00\x00\x00\x00\x00\xb0\xff\xfa\x40\x00\x00\xc4\xff\xf9\x3e\
    \x00\x00\x00\x00\x00\x00\x2c\xf4\xff\xca\x01\x71\xff\xff\x99\x00\x00\x00\x00\x00\x00\x00\x00\x92\
    \xff\xff\x73\x3e\x50\x50\x12\x00\x00\x00\x00\x00\x00\x00\x00\x11\x50\x50\x3e\x2a\x48\x48\x20\x00\
    \x00\x00\x00\x00\x00\x00\x00\x22\x48\x48\x2a\x42\xfb\xff\xb9\x00\x00\x00\x00\x00\x00\x00\x00\xbf\
    \xff\xfb\x41\x00\xa6\xff\xfe\x50\x00\x00\x00\x00\x00\x00\x56\xfe\xff\xa5\x00\x00\x21\xef\xff\xcf\
    \x01\x00\x00\x00\x00\x03\xd3\xff\xee\x20\x00\x00\x00\x82\xff\xff\x6b\x00\x00\x00\x00\x70\xff\xff\
    \x7f\x00\x00\x00\x00\x08\xda\xff\xe0\x0c\x00\x00\x0f\xe3\xff\xd8\x07\x00\x00\x00\x00\x00\x5a\xfe\
    \xff\x85\x00\x00\x89\xff\xfe\x56\x00\x00\x00\x00\x00\x00\x00\xbb\xff\xee\x1d\x20\xef\xff\xb8\x00\
    \x00\x00\x00\x00\x00\x00\x00\x35\xf7\xff\x9d\xa0\xff\xf6\x31\x00\x00\x00\x00\x00\x00\x00\x00\x00\
    \x99\xff\xf7\xf8\xff\x94\x00\x00\x00\x00\x00\x00\x00\x00\x00\x00\x17\xe8\xff\xff\xe5\x13\x00\x00\
    \x00\x00\x00\x00\x00\x00\x00\x00\x00\x85\xff\xff\x7f\x00\x00\x00\x00\x00\x00\x00\x00\x00\x00\x00\
    \x00\x73\xff\xff\x6c\x00\x00\x00\x00\x00\x00\x00\x00\x00\x00\x00\x00\x73\xff\xff\x6c\x00\x00\x00\
    \x00\x00\x00\x00\x00\x00\x00\x00\x00\x73\xff\xff\x6c\x00\x00\x00\x00\x00\x00\x00\x00\x00\x00\x00\
    \x00\x73\xff\xff\x6c\x00\x00\x00\x00\x00\x00\x00\x00\x00\x00\x00\x00\x73\xff\xff\x6c\x00\x00\x00\
    \x00\x00\x00\x00\x00\x00\x00\x00\x00\x73\xff\xff\x6c\x00\x00\x00\x00\x00\x00\x00\x00\x00\x00\x00\
    \x00\x73\xff\xff\x6c\x00\x00\x00\x00\x00\x00\x00\x00\x00\x00\x00\x00\x73\xff\xff\x6c\x00\x00\x00\
    \x00\x00\x00\x00\x00\x00\x00\x00\x00\x24\x50\x50\x22\x00\x00\x00\x00\x00\x00\x37\x48\x48\x48\x48\
    \x48\x48\x48\x48\x48\x48\x48\x42\x00\xc3\xff\xff\xff\xff\xff\xff\xff\xff\xff\xff\xff\xe9\x00\xc3\
    \xff\xff\xff\xff\xff\xff\xff\xff\xff\xff\xff\xe7\x00\x11\x16\x16\x16\x16\x16\x16\x16\x16\x92\xff\
    \xff\x8c\x00\x00\x00\x00\x00\x00\x00\x00\x00\x39\xf6\xff\xd1\x08\x00\x00\x00\x00\x00\x00\x00\x00\
    \x03\xcb\xff\xf7\x3e\x00\x00\x00\x00\x00\x00\x00\x00\x00\x7f\xff\xff\x8b\x00\x00\x00\x00\x00\x00\
    \x00\x00\x00\x2f\xf2\xff\xd1\x07\x00\x00\x00\x00\x00\x00\x00\x00\x00\xc0\xff\xf7\x3e\x00\x00\x00\
    \x00\x00\x00\x00\x00\x00\x72\xff\xff\x8b\x00\x00\x00\x00\x00\x00\x00\x00\x00\x25\xed\xff\xd0\x07\
    \x00\x00\x00\x00\x00\x00\x00\x00\x00\xb6\xff\xf7\x3d\x00\x00\x00\x00\x00\x00\x00\x00\x00\x65\xff\
    \xff\x8b\x00\x00\x00\x00\x00\x00\x00\x00\x00\x1c\xe8\xff\xd0\x07\x00\x00\x00\x00\x00\x00\x00\x00\
    \x00\xab\xff\xf7\x3d\x00\x00\x00\x00\x00\x00\x00\x00\x00\x58\xfd\xff\x8a\x00\x00\x00\x00\x00\x00\
    \x00\x00\x00\x14\xe1\xff\xd0\x07\x00\x00\x00\x00\x00\x00\x00\x00\x00\x9f\xff\xf7\x3e\x06\x06\x06\
    \x06\x06\x06\x06\x06\x06\x02\xf8\xff\xff\xff\xff\xff\xff\xff\xff\xff\xff\xff\xff\x47\xfb\xff\xff\
    \xff\xff\xff\xff\xff\xff\xff\xff\xff\xff\x47\x4f\x50\x50\x50\x50\x50\x50\x50\x50\x50\x50\x50\x50\
    \x16\xfc\xfd\xfd\xfd\xfd\x9c\xfe\xff\xf0\xe6\xe6\x8d\xfe\xff\x83\x00\x00\x00\xfe\xff\x83\x00\x00\
    \x00\xfe\xff\x83\x00\x00\x00\xfe\xff\x83\x00\x00\x00\xfe\xff\x83\x00\x00\x00\xfe\xff\x83\x00\x00\
    \x00\xfe\xff\x83\x00\x00\x00\xfe\xff\x83\x00\x00\x00\xfe\xff\x83\x00\x00\x00\xfe\xff\x83\x00\x00\
    \x00\xfe\xff\x83\x00\x00\x00\xfe\xff\x83\x00\x00\x00\xfe\xff\x83\x00\x00\x00\xfe\xff\x83\x00\x00\
    \x00\xfe\xff\x83\x00\x00\x00\xfe\xff\x83\x00\x00\x00\xfe\xff\x83\x00\x00\x00\xfe\xff\x83\x00\x00\
    \x00\xfe\xff\x83\x00\x00\x00\xfe\xff\x98\x42\x42\x28\xfe\xff\xff\xff\xff\x9d\xc5\xc6\xc6\xc6\xc6\
    \x7a\x34\x48\x40\x00\x00\x00\x00\x00\x00\x00\x00\x00\x00\x7b\xff\xfc\x3b\x00\x00\x00\x00\x00\x00\
    \x00\x00\x00\x0e\xe8\xff\xad\x00\x00\x00\x00\x00\x00\x00\x00\x00\x00\x8a\xff\xf8\x2c\x00\x00\x00\
    \x00\x00\x00\x00\x00\x00\x19\xf0\xff\x9f\x00\x00\x00\x00\x00\x00\x00\x00\x00\x00\x99\xff\xf3\x1e\
    \x00\x00\x00\x00\x00\x00\x00\x00\x00\x26\xf6\xff\x90\x00\x00\x00\x00\x00\x00\x00\x00\x00\x00\xa7\
    \xff\xeb\x12\x00\x00\x00\x00\x00\x00\x00\x00\x00\x34\xfb\xff\x80\x00\x00\x00\x00\x00\x00\x00\x00\
    \x00\x00\xb5\xff\xe2\x08\x00\x00\x00\x00\x00\x00\x00\x00\x00\x44\xfe\xff\x70\x00\x00\x00\x00\x00\
    \x00\x00\x00\x00\x00\xc2\xff\xd7\x01\x00\x00\x00\x00\x00\x00\x00\x00\x00\x55\xff\xff\x5f\x00\x00\
    \x00\x00\x00\x00\x00\x00\x00\x00\xcf\xff\xc9\x00\x00\x00\x00\x00\x00\x00\x00\x00\x00\x67\xff\xff\
    \x4d\x00\x00\x00\x00\x00\x00\x00\x00\x00\x03\xdc\xff\xbc\x00\x00\x00\x00\x00\x00\x00\x00\x00\x00\
    \x77\xff\xfd\x3c\x00\x00\x00\x00\x00\x00\x00\x00\x00\x0c\xe6\xff\xae\x00\x00\x00\x00\x00\x00\x00\
    \x00\x00\x00\x87\xff\xf9\x2d\x00\x00\x00\x00\x00\x00\x00\x00\x00\x16\xee\xff\xa0\x00\x00\x00\x00\
    \x00\x00\x00\x00\x00\x00\x96\xff\xf3\x1f\x00\x00\x00\x00\x00\x00\x00\x00\x00\x23\xf5\xff\x91\x00\
    \x00\x00\x00\x00\x00\x00\x00\x00\x00\x87\xbe\xa9\x9c\xfd\xfd\xfd\xfd\xfc\x8d\xe6\xe6\xf0\xff\xfe\
    \x00\x00\x00\x83\xff\xfe\x00\x00\x00\x83\xff\xfe\x00\x00\x00\x83\xff\xfe\x00\x00\x00\x83\xff\xfe\
    \x00\x00\x00\x83\xff\xfe\x00\x00\x00\x83\xff\xfe\x00\x00\x00\x83\xff\xfe\x00\x00\x00\x83\xff\xfe\
    \x00\x00\x00\x83\xff\xfe\x00\x00\x00\x83\xff\xfe\x00\x00\x00\x83\xff\xfe\x00\x00\x00\x83\xff\xfe\
    \x00\x00\x00\x83\xff\xfe\x00\x00\x00\x83\xff\xfe\x00\x00\x00\x83\xff\xfe\x00\x00\x00\x83\xff\xfe\
    \x00\x00\x00\x83\xff\xfe\x00\x00\x00\x83\xff\xfe\x00\x00\x00\x83\xff\xfe\x28\x42\x42\x98\xff\xfe\
    \x9d\xff\xff\xff\xff\xfe\x7a\xc6\xc6\xc6\xc6\xc5\x00\x00\x00\x00\x00\x00\x18\x48\x48\x18\x00\x00\
    \x00\x00\x00\x00\x00\x00\x00\x00\x00\x07\xc4\xff\xff\xc4\x07\x00\x00\x00\x00\x00\x00\x00\x00\x00\
    \x00\x9f\xff\xfe\xff\xff\x9f\x00\x00\x00\x00\x00\x00\x00\x00\x00\x75\xfe\xff\x93\x95\xff\xfe\x75\
    \x00\x00\x00\x00\x00\x00\x00\x4f\xf8\xff\xa3\x00\x00\xa5\xff\xf8\x4f\x00\x00\x00\x00\x00\x2d\xe9\
    \xff\xb2\x04\x00\x00\x04\xb3\xff\xe9\x2d\x00\x00\x00\x12\xd3\xff\xc0\x0a\x00\x00\x00\x00\x0b\xc0\
    \xff\xd3\x12\x00\x01\xb3\xff\xcc\x13\x00\x00\x00\x00\x00\x00\x13\xcc\xff\xb3\x01\x03\x1f\x1f\x0c\
    \x00\x00\x00\x00\x00\x00\x00\x00\x0c\x1f\x1f\x03\xaa\xaa\xaa\xaa\xaa\xaa\xaa\xaa\xaa\xaa\xaa\xaa\
    \xaa\xaa\xaa\xaa\x94\x94\x94\x94\x94\x94\x94\x94\x94\x94\x94\x94\x94\x94\x94\x94\x0f\x20\x20\x0a\
    \x00\x00\x00\x23\xe0\xff\xb2\x00\x00\x00\x00\x3a\xee\xff\x78\x00\x00\x00\x00\x53\xf8\xf6\x41\x00\
    \x00\x00\x00\x6f\xfd\xdc\x16\x00\x00\x00\x00\x8a\xde\x8c\x00\x00\x03\x4b\x8d\xa7\xbc\xb4\x9a\x55\
    \x01\x00\x00\x00\x40\xe9\xff\xff\xff\xff\xff\xff\xff\xcb\x2a\x00\x00\x53\xff\xf5\xbd\x9d\x7f\x8d\
    \xba\xfd\xff\xd9\x07\x00\x3e\x88\x1d\x00\x00\x00\x00\x00\x6e\xff\xff\x6a\x00\x00\x00\x00\x00\x00\
    \x00\x00\x00\x00\xe1\xff\xaf\x00\x00\x00\x00\x00\x00\x00\x00\x00\x00\xc3\xff\xc4\x00\x00\x01\x5f\
    \xbb\xd7\xed\xfa\xfa\xfa\xfd\xff\xcb\x00\x13\xcc\xff\xff\xff\xfa\xec\xeb\xeb\xf8\xff\xce\x00\xaf\
    \xff\xfd\x9b\x35\x04\x00\x00\x00\xc1\xff\xce\x10\xfa\xff\x97\x00\x00\x00\x00\x00\x00\xda\xff\xce\
    \x4b\xff\xff\x4c\x00\x00\x00\x00\x00\x13\xf5\xff\xce\x4b\xff\xff\x59\x00\x00\x00\x00\x00\x8b\xff\
    \xff\xce\x12\xfb\xff\xbf\x08\x00\x00\x00\x62\xf2\xff\xff\xce\x00\x9d\xff\xff\xda\x9d\x9b\xc5\xfd\
    \xed\xcf\xff\xce\x00\x10\xb0\xfe\xff\xff\xff\xff\xe2\x4a\xbd\xff\xce\x00\x00\x00\x49\x85\xa4\x98\
    \x68\x0d\x00\x3b\x50\x41\x99\xfd\xe9\x00\x00\x00\x00\x00\x00\x00\x00\x00\x00\x9a\xff\xeb\x00\x00\
    \x00\x00\x00\x00\x00\x00\x00\x00\x9a\xff\xeb\x00\x00\x00\x00\x00\x00\x00\x00\x00\x00\x9a\xff\xeb\
    \x00\x00\x00\x00\x00\x00\x00\x00\x00\x00\x9a\xff\xeb\x00\x00\x00\x00\x00\x00\x00\x00\x00\x00\x9a\
    \xff\xeb\x00\x39\x99\xb9\xa2\x70\x1c\x00\x00\x00\x9a\xff\xeb\x6f\xf8\xff\xff\xff\xff\xdd\x37\x00\
    \x00\x9a\xff\xf6\xf6\xf0\xa7\x84\xaf\xf9\xff\xed\x22\x00\x9a\xff\xff\xf0\x44\x00\x00\x00\x64\xfb\
    \xff\x95\x00\x9a\xff\xff\x9c\x00\x00\x00\x00\x00\xc3\xff\xee\x10\x9a\xff\xff\x43\x00\x00\x00\x00\
    \x00\x77\xff\xff\x3f\x9a\xff\xff\x13\x00\x00\x00\x00\x00\x55\xff\xff\x62\x9a\xff\xf3\x00\x00\x00\
    \x00\x00\x00\x3a\xff\xff\x7f\x9a\xff\xf5\x00\x00\x00\x00\x00\x00\x3d\xff\xff\x7a\x9a\xff\xff\x17\
    \x00\x00\x00\x00\x00\x58\xff\xff\x5b\x9a\xff\xff\x4c\x00\x00\x00\x00\x00\x7d\xff\xff\x38\x9a\xff\
    \xff\xa6\x00\x00\x00\x00\x00\xcb\xff\xe4\x08\x9a\xff\xff\xf5\x59\x00\x00\x00\x7a\xfe\xff\x84\x00\
    \x9a\xff\xf4\xef\xf7\xbe\x9c\xc5\xfd\xff\xe2\x14\x00\x9a\xff\xeb\x5a\xef\xff\xff\xff\xff\xd8\x31\
    \x00\x00\x30\x50\x4a\x00\x21\x81\xa3\x95\x64\x04\x00\x00\x00\x00\x00\x00\x00\x23\x82\xa7\xbb\xac\
    \x8c\x35\x00\x00\x00\x07\x9a\xf9\xff\xff\xff\xff\xff\xfc\xa8\x00\x01\xba\xff\xff\xe3\xa8\x82\x96\
    \xbc\xf9\xd3\x00\x7c\xff\xff\xb7\x19\x00\x00\x00\x00\x42\xa1\x00\xe1\xff\xe7\x10\x00\x00\x00\x00\
    \x00\x00\x00\x47\xff\xff\x88\x00\x00\x00\x00\x00\x00\x00\x00\x73\xff\xff\x59\x00\x00\x00\x00\x00\
    \x00\x00\x00\x8a\xff\xff\x32\x00\x00\x00\x00\x00\x00\x00\x00\x88\xff\xff\x37\x00\x00\x00\x00\x00\
    \x00\x00\x00\x71\xff\xff\x5d\x00\x00\x00\x00\x00\x00\x00\x00\x3e\xff\xff\x92\x00\x00\x00\x00\x00\
    \x00\x00\x00\x00\xda\xff\xef\x1b\x00\x00\x00\x00\x00\x00\x01\x00\x6b\xff\xff\xca\x2b\x00\x00\x00\
    \x00\x52\xae\x00\x00\xa5\xff\xff\xf0\xbf\x9b\xad\xd1\xfd\xd3\x00\x00\x00\x81\xed\xff\xff\xff\xff\
    \xff\xf5\x96\x00\x00\x00\x00\x0d\x67\x8f\xa4\x94\x73\x1e\x00\x00\x00\x00\x00\x00\x00\x00\x00\x00\
    \x00\xe4\xfd\x9f\x00\x00\x00\x00\x00\x00\x00\x00\x00\x00\xe6\xff\xa0\x00\x00\x00\x00\x00\x00\x00\
    \x00\x00\x00\xe6\xff\xa0\x00\x00\x00\x00\x00\x00\x00\x00\x00\x00\xe6\xff\xa0\x00\x00\x00\x00\x00\
    \x00\x00\x00\x00\x00\xe6\xff\xa0\x00\x00\x00\x17\x6d\xa0\xba\x9c\x3e\x00\xe6\xff\xa0\x00\x00\x31\
    \xd8\xff\xff\xff\xff\xf9\x75\xe6\xff\xa0\x00\x1a\xe9\xff\xfa\xb1\x84\xa6\xef\xf8\xf4\xff\xa0\x00\
    \x8d\xff\xfd\x69\x00\x00\x00\x41\xee\xff\xff\xa0\x0a\xea\xff\xc8\x00\x00\x00\x00\x00\x97\xff\xff\
    \xa0\x36\xff\xff\x7d\x00\x00\x00\x00\x00\x3c\xff\xff\xa0\x5a\xff\xff\x5c\x00\x00\x00\x00\x00\x0a\
    \xfd\xff\xa0\x79\xff\xff\x42\x00\x00\x00\x00\x00\x00\xee\xff\xa0\x73\xff\xff\x45\x00\x00\x00\x00\
    \x00\x00\xf0\xff\xa0\x54\xff\xff\x5f\x00\x00\x00\x00\x00\x0e\xfe\xff\xa0\x2f\xff\xff\x84\x00\x00\
    \x00\x00\x00\x45\xff\xff\xa0\x05\xe0\xff\xd0\x00\x00\x00\x00\x00\xa1\xff\xff\xa0\x00\x7e\xff\xfe\
    \x7f\x00\x00\x00\x56\xf4\xff\xff\xa0\x00\x10\xdf\xff\xfe\xc7\x9d\xbd\xf7\xf1\xf2\xff\xa0\x00\x00\
    \x2d\xd5\xff\xff\xff\xff\xf1\x5e\xe6\xff\xa0\x00\x00\x00\x03\x62\x94\xa4\x82\x24\x00\x48\x50\x32\
    \x00\x00\x00\x00\x25\x87\xaa\xba\x97\x6a\x0e\x00\x00\x00\x00\x00\x03\x93\xf8\xff\xff\xff\xff\xff\
    \xd4\x36\x00\x00\x00\x00\xaa\xff\xff\xda\x99\x81\xa5\xf2\xff\xef\x23\x00\x00\x67\xff\xff\xaa\x0d\
    \x00\x00\x00\x35\xea\xff\xa2\x00\x00\xd2\xff\xde\x10\x00\x00\x00\x00\x00\x82\xff\xf8\x19\x31\xfe\
    \xff\x91\x00\x00\x00\x00\x00\x00\x39\xff\xff\x49\x62\xff\xff\x9f\x79\x79\x79\x7a\x7a\x7b\x7d\xfe\
    \xff\x6f\x7a\xff\xff\xff\xff\xff\xff\xff\xff\xff\xff\xff\xff\x89\x78\xff\xff\xa8\x9c\x9c\x9c\x9c\
    \x9c\x9c\x9c\x9c\x9c\x55\x5f\xff\xff\x56\x00\x00\x00\x00\x00\x00\x00\x00\x00\x00\x2b\xfd\xff\x82\
    \x00\x00\x00\x00\x00\x00\x00\x00\x00\x00\x00\xcc\xff\xe3\x12\x00\x00\x00\x00\x00\x00\x00\x00\x00\
    \x00\x5a\xfd\xff\xbd\x26\x00\x00\x00\x00\x11\x77\xb9\x00\x00\x00\x94\xff\xff\xf0\xbd\x9c\xa6\xc6\
    \xef\xff\xe7\x00\x00\x00\x00\x73\xe9\xff\xff\xff\xff\xff\xff\xeb\xa0\x00\x00\x00\x00\x00\x08\x61\
    \x8c\xa4\x9a\x80\x53\x06\x00\x00\x00\x00\x00\x00\x00\x10\x92\xd7\xf2\xfd\xfd\xd7\x00\x00\x00\x00\
    \x00\xc3\xff\xff\xff\xfe\xfe\xd7\x00\x00\x00\x00\x59\xff\xff\x93\x23\x00\x00\x00\x00\x00\x00\x00\
    \x8c\xff\xed\x03\x00\x00\x00\x00\x00\x00\x00\x00\xa8\xff\xda\x00\x00\x00\x00\x00\x43\x74\x74\x74\
    \xcb\xff\xe6\x74\x74\x74\x74\x62\x94\xff\xff\xff\xff\xff\xff\xff\xff\xff\xff\xd8\x5d\xa0\xa0\xa0\
    \xda\xff\xed\xa0\xa0\xa0\xa0\x87\x00\x00\x00\x00\xae\xff\xd9\x00\x00\x00\x00\x00\x00\x00\x00\x00\
    \xae\xff\xd9\x00\x00\x00\x00\x00\x00\x00\x00\x00\xae\xff\xd9\x00\x00\x00\x00\x00\x00\x00\x00\x00\
    \xae\xff\xd9\x00\x00\x00\x00\x00\x00\x00\x00\x00\xae\xff\xd9\x00\x00\x00\x00\x00\x00\x00\x00\x00\
    \xae\xff\xd9\x00\x00\x00\x00\x00\x00\x00\x00\x00\xae\xff\xd9\x00\x00\x00\x00\x00\x00\x00\x00\x00\
    \xae\xff\xd9\x00\x00\x00\x00\x00\x00\x00\x00\x00\xae\xff\xd9\x00\x00\x00\x00\x00\x00\x00\x00\x00\
    \xae\xff\xd9\x00\x00\x00\x00\x00\x00\x00\x00\x00\xae\xff\xd9\x00\x00\x00\x00\x00\x00\x00\x00\x00\
    \xae\xff\xd9\x00\x00\x00\x00\x00\x00\x00\x00\x00\x37\x50\x44\x00\x00\x00\x00\x00\x00\x00\x00\x18\
    \x6e\xa2\xba\x9b\x3d\x00\x5c\x66\x40\x00\x00\x30\xd9\xff\xff\xff\xff\xf9\x6f\xe6\xff\xa0\x00\x19\
    \xe7\xff\xfc\xb5\x86\xa1\xea\xf4\xf3\xff\xa0\x00\x8c\xff\xfe\x70\x00\x00\x00\x38\xea\xff\xff\xa0\
    \x0a\xea\xff\xcb\x00\x00\x00\x00\x00\x8f\xff\xff\xa0\x37\xff\xff\x7d\x00\x00\x00\x00\x00\x34\xff\
    \xff\xa0\x5c\xff\xff\x5c\x00\x00\x00\x00\x00\x07\xfc\xff\xa0\x7a\xff\xff\x40\x00\x00\x00\x00\x00\
    \x00\xec\xff\xa0\x70\xff\xff\x4a\x00\x00\x00\x00\x00\x00\xf2\xff\xa0\x4f\xff\xff\x66\x00\x00\x00\
    \x00\x00\x12\xfe\xff\xa0\x26\xff\xff\x96\x00\x00\x00\x00\x00\x54\xff\xff\xa0\x00\xcb\xff\xe6\x09\
    \x00\x00\x00\x00\xaf\xff\xff\xa0\x00\x5f\xff\xff\xbc\x11\x00\x00\x7a\xfd\xfe\xff\xa0\x00\x01\xae\
    \xff\xff\xf5\xcf\xe6\xff\xce\xe7\xff\xa0\x00\x00\x01\x91\xf1\xff\xff\xfe\xc5\x26\xe8\xff\x98\x00\
    \x00\x00\x00\x05\x42\x61\x37\x00\x03\xf8\xff\x79\x00\x00\x00\x00\x00\x00\x00\x00\x00\x33\xff\xff\
    \x56\x00\x00\x17\x00\x00\x00\x00\x00\x00\xa1\xff\xeb\x18\x00\x00\xd1\xc0\x70\x3d\x18\x46\xa2\xfd\
    \xff\x7f\x00\x00\x00\xd6\xff\xff\xff\xff\xff\xff\xfd\xa3\x09\x00\x00\x00\x58\x9e\xcb\xdf\xe8\xcd\
    \xac\x54\x00\x00\x00\x93\xfd\xee\x00\x00\x00\x00\x00\x00\x00\x00\x00\x94\xff\xf0\x00\x00\x00\x00\
    \x00\x00\x00\x00\x00\x94\xff\xf0\x00\x00\x00\x00\x00\x00\x00\x00\x00\x94\xff\xf0\x00\x00\x00\x00\
    \x00\x00\x00\x00\x00\x94\xff\xf0\x00\x00\x00\x00\x00\x00\x00\x00\x00\x94\xff\xf0\x00\x1a\x80\xb1\
    \xb6\x8e\x37\x00\x00\x94\xff\xf0\x41\xe4\xff\xff\xff\xff\xf1\x5e\x00\x94\xff\xf3\xdd\xef\xab\x8d\
    \xb6\xfd\xff\xe4\x09\x94\xff\xff\xe7\x36\x00\x00\x00\x86\xff\xff\x68\x94\xff\xff\x81\x00\x00\x00\
    \x00\x12\xf6\xff\x91\x94\xff\xff\x2d\x00\x00\x00\x00\x00\xdf\xff\xa9\x94\xff\xf9\x05\x00\x00\x00\
    \x00\x00\xd2\xff\xb8\x94\xff\xf0\x00\x00\x00\x00\x00\x00\xd2\xff\xb9\x94\xff\xf0\x00\x00\x00\x00\
    \x00\x00\xd2\xff\xb9\x94\xff\xf0\x00\x00\x00\x00\x00\x00\xd2\xff\xb9\x94\xff\xf0\x00\x00\x00\x00\
    \x00\x00\xd2\xff\xb9\x94\xff\xf0\x00\x00\x00\x00\x00\x00\xd2\xff\xb9\x94\xff\xf0\x00\x00\x00\x00\
    \x00\x00\xd2\xff\xb9\x94\xff\xf0\x00\x00\x00\x00\x00\x00\xd2\xff\xb9\x94\xff\xf0\x00\x00\x00\x00\
    \x00\x00\xd2\xff\xb9\x2e\x50\x4b\x00\x00\x00\x00\x00\x00\x42\x50\x3a\x00\x00\x00\x00\x00\xf5\xfd\
    \x8b\x00\x00\x00\x00\x00\x00\x00\x00\x00\x00\xf6\xff\x8c\x00\x00\x00\x00\x00\x00\x00\x00\x00\x00\
    \xf6\xff\x8c\x00\x00\x00\x00\x00\x00\x00\x00\x00\x00\x15\x16\x0c\x00\x00\x00\x00\x00\x00\x00\x00\
    \x00\x00\x00\x00\x00\x00\x00\x00\x00\x00\x00\x57\x74\x74\x74\x74\x74\x3f\x00\x00\x00\x00\x00\x00\
    \xc1\xff\xff\xff\xff\xff\x8c\x00\x00\x00\x00\x00\x00\x79\xa0\xa0\xa0\xfb\xff\x8c\x00\x00\x00\x00\
    \x00\x00\x00\x00\x00\x00\xf6\xff\x8c\x00\x00\x00\x00\x00\x00\x00\x00\x00\x00\xf6\xff\x8c\x00\x00\
    \x00\x00\x00\x00\x00\x00\x00\x00\xf6\xff\x8c\x00\x00\x00\x00\x00\x00\x00\x00\x00\x00\xf6\xff\x8c\
    \x00\x00\x00\x00\x00\x00\x00\x00\x00\x00\xf6\xff\x8c\x00\x00\x00\x00\x00\x00\x00\x00\x00\x00\xf6\
    \xff\x8c\x00\x00\x00\x00\x00\x00\x00\x00\x00\x00\xf6\xff\x8c\x00\x00\x00\x00\x00\x00\x00\x00\x00\
    \x00\xf6\xff\x8c\x00\x00\x00\x00\x00\x00\x00\x00\x00\x00\xf6\xff\x8c\x00\x00\x00\x00\x00\x00\x00\
    \x00\x00\x00\xf6\xff\x8c\x00\x00\x00\x00\x00\x90\xbc\xbc\xbc\xbc\xfc\xff\xda\xbc\xbc\xbc\xbc\x35\
    \xc3\xff\xff\xff\xff\xff\xff\xff\xff\xff\xff\xff\x47\x3d\x50\x50\x50\x50\x50\x50\x50\x50\x50\x50\
    \x50\x16\x00\x00\x00\x00\x00\x54\xfd\xfd\x48\x00\x00\x00\x00\x00\x54\xff\xff\x48\x00\x00\x00\x00\
    \x00\x54\xff\xff\x48\x00\x00\x00\x00\x00\x07\x16\x16\x06\x00\x00\x00\x00\x00\x00\x00\x00\x00\x00\
    \x34\x74\x74\x74\x74\x74\x74\x21\x00\x72\xff\xff\xff\xff\xff\xff\x48\x00\x48\xa0\xa0\xa0\xb6\xff\
    \xff\x48\x00\x00\x00\x00\x00\x54\xff\xff\x48\x00\x00\x00\x00\x00\x54\xff\xff\x48\x00\x00\x00\x00\
    \x00\x54\xff\xff\x48\x00\x00\x00\x00\x00\x54\xff\xff\x48\x00\x00\x00\x00\x00\x54\xff\xff\x48\x00\
    \x00\x00\x00\x00\x54\xff\xff\x48\x00\x00\x00\x00\x00\x54\xff\xff\x48\x00\x00\x00\x00\x00\x54\xff\
    \xff\x48\x00\x00\x00\x00\x00\x54\xff\xff\x48\x00\x00\x00\x00\x00\x54\xff\xff\x48\x00\x00\x00\x00\
    \x00\x54\xff\xff\x48\x00\x00\x00\x00\x00\x54\xff\xff\x48\x00\x00\x00\x00\x00\x58\xff\xff\x43\x00\
    \x00\x00\x00\x00\x71\xff\xff\x1a\x00\x00\x00\x00\x00\xb7\xff\xeb\x00\x48\x6a\x6a\x72\xaf\xff\xff\
    \x93\x00\xae\xff\xff\xff\xff\xff\xcb\x18\x00\x8a\xcb\xcb\xc9\xad\x7b\x07\x00\x00\xf2\xfd\xa0\x00\
    \x00\x00\x00\x00\x00\x00\x00\x00\x00\xf3\xff\xa1\x00\x00\x00\x00\x00\x00\x00\x00\x00\x00\xf3\xff\
    \xa1\x00\x00\x00\x00\x00\x00\x00\x00\x00\x00\xf3\xff\xa1\x00\x00\x00\x00\x00\x00\x00\x00\x00\x00\
    \xf3\xff\xa1\x00\x00\x00\x00\x00\x00\x00\x00\x00\x00\xf3\xff\xa1\x00\x00\x00\x00\x00\x39\x74\x74\
    \x49\x00\xf3\xff\xa1\x00\x00\x00\x00\x46\xed\xff\xd4\x22\x00\xf3\xff\xa1\x00\x00\x00\x4d\xf0\xff\
    \xcd\x1c\x00\x00\xf3\xff\xa1\x00\x00\x54\xf3\xff\xc7\x16\x00\x00\x00\xf3\xff\xa1\x00\x5b\xf5\xff\
    \xc0\x11\x00\x00\x00\x00\xf3\xff\xa1\x62\xf7\xff\xb8\x0c\x00\x00\x00\x00\x00\xf3\xff\xd5\xf9\xff\
    \xff\x60\x00\x00\x00\x00\x00\x00\xf3\xff\xff\xff\xf0\xff\xeb\x28\x00\x00\x00\x00\x00\xf3\xff\xff\
    \x91\x44\xf8\xff\xc5\x04\x00\x00\x00\x00\xf3\xff\xb1\x00\x00\x85\xff\xff\x8c\x00\x00\x00\x00\xf3\
    \xff\xa1\x00\x00\x02\xc3\xff\xfa\x4e\x00\x00\x00\xf3\xff\xa1\x00\x00\x00\x28\xec\xff\xe2\x1c\x00\
    \x00\xf3\xff\xa1\x00\x00\x00\x00\x62\xfe\xff\xb6\x00\x00\xf3\xff\xa1\x00\x00\x00\x00\x00\xa4\xff\
    \xff\x79\x00\xf3\xff\xa1\x00\x00\x00\x00\x00\x11\xd9\xff\xf5\x3e\x4c\x50\x33\x00\x00\x00\x00\x00\
    \x00\x29\x50\x50\x32\x39\x3c\x3c\x3c\x3c\x3c\x19\x00\x00\x00\x00\x00\xf1\xff\xff\xff\xff\xff\x69\
    \x00\x00\x00\x00\x00\xc1\xcc\xcc\xd1\xff\xff\x69\x00\x00\x00\x00\x00\x00\x00\x00\x2f\xff\xff\x69\
    \x00\x00\x00\x00\x00\x00\x00\x00\x2f\xff\xff\x69\x00\x00\x00\x00\x00\x00\x00\x00\x2f\xff\xff\x69\
    \x00\x00\x00\x00\x00\x00\x00\x00\x2f\xff\xff\x69\x00\x00\x00\x00\x00\x00\x00\x00\x2f\xff\xff\x69\
    \x00\x00\x00\x00\x00\x00\x00\x00\x2f\xff\xff\x69\x00\x00\x00\x00\x00\x00\x00\x00\x2f\xff\xff\x69\
    \x00\x00\x00\x00\x00\x00\x00\x00\x2f\xff\xff\x69\x00\x00\x00\x00\x00\x00\x00\x00\x2f\xff\xff\x69\
    \x00\x00\x00\x00\x00\x00\x00\x00\x2f\xff\xff\x69\x00\x00\x00\x00\x00\x00\x00\x00\x2f\xff\xff\x69\
    \x00\x00\x00\x00\x00\x00\x00\x00\x2f\xff\xff\x69\x00\x00\x00\x00\x00\x00\x00\x00\x2f\xff\xff\x69\
    \x00\x00\x00\x00\x00\x00\x00\x00\x14\xfe\xff\x78\x00\x00\x00\x00\x00\x00\x00\x00\x00\xea\xff\xa1\
    \x00\x00\x00\x00\x00\x00\x00\x00\x00\xb4\xff\xf1\x49\x00\x00\x00\x00\x00\x00\x00\x00\x38\xf7\xff\
    \xfe\xe5\xde\xde\x76\x00\x00\x00\x00\x00\x47\xd7\xfe\xff\xff\xff\x88\x00\x00\x00\x00\x00\x00\x00\
    \x1c\x4c\x50\x50\x2b\x4f\x74\x4e\x40\x9e\xab\x64\x00\x1d\x84\xb5\x93\x25\x00\xad\xff\xc8\xee\xff\
    \xff\xfe\x6c\xc4\xff\xff\xff\xd7\x10\xad\xff\xff\xb1\x80\xe1\xff\xfc\xf1\x89\x97\xfd\xff\x68\xad\
    \xff\xe7\x02\x00\x66\xff\xff\x90\x00\x00\xc3\xff\x9b\xad\xff\xc3\x00\x00\x3a\xff\xff\x61\x00\x00\
    \xa4\xff\xb7\xad\xff\xb8\x00\x00\x23\xff\xff\x51\x00\x00\x97\xff\xc2\xad\xff\xb0\x00\x00\x19\xff\
    \xff\x45\x00\x00\x92\xff\xc9\xad\xff\xad\x00\x00\x15\xff\xff\x41\x00\x00\x90\xff\xcb\xad\xff\xad\
    \x00\x00\x15\xff\xff\x41\x00\x00\x90\xff\xcb\xad\xff\xad\x00\x00\x15\xff\xff\x41\x00\x00\x90\xff\
    \xcb\xad\xff\xad\x00\x00\x15\xff\xff\x41\x00\x00\x90\xff\xcb\xad\xff\xad\x00\x00\x15\xff\xff\x41\
    \x00\x00\x90\xff\xcb\xad\xff\xad\x00\x00\x15\xff\xff\x41\x00\x00\x90\xff\xcb\xad\xff\xad\x00\x00\
    \x15\xff\xff\x41\x00\x00\x90\xff\xcb\xad\xff\xad\x00\x00\x15\xff\xff\x41\x00\x00\x90\xff\xcb\x37\
    \x50\x36\x00\x00\x07\x50\x50\x14\x00\x00\x2d\x50\x40\x43\x74\x6d\x00\x1a\x80\xb1\xb6\x8e\x37\x00\
    \x00\x94\xff\xf0\x41\xe4\xff\xff\xff\xff\xf1\x5e\x00\x94\xff\xf3\xdd\xef\xab\x8d\xb6\xfd\xff\xe4\
    \x09\x94\xff\xff\xe7\x36\x00\x00\x00\x86\xff\xff\x68\x94\xff\xff\x81\x00\x00\x00\x00\x12\xf6\xff\
    \x91\x94\xff\xff\x2d\x00\x00\x00\x00\x00\xdf\xff\xa9\x94\xff\xf9\x05\x00\x00\x00\x00\x00\xd2\xff\
    \xb8\x94\xff\xf0\x00\x00\x00\x00\x00\x00\xd2\xff\xb9\x94\xff\xf0\x00\x00\x00\x00\x00\x00\xd2\xff\
    \xb9\x94\xff\xf0\x00\x00\x00\x00\x00\x00\xd2\xff\xb9\x94\xff\xf0\x00\x00\x00\x00\x00\x00\xd2\xff\
    \xb9\x94\xff\xf0\x00\x00\x00\x00\x00\x00\xd2\xff\xb9\x94\xff\xf0\x00\x00\x00\x00\x00\x00\xd2\xff\
    \xb9\x94\xff\xf0\x00\x00\x00\x00\x00\x00\xd2\xff\xb9\x94\xff\xf0\x00\x00\x00\x00\x00\x00\xd2\xff\
    \xb9\x2e\x50\x4b\x00\x00\x00\x00\x00\x00\x42\x50\x3a\x00\x00\x00\x00\x4f\x9c\xb6\xb6\x9c\x4e\x00\
    \x00\x00\x00\x00\x00\x1b\xc3\xff\xff\xff\xff\xff\xff\xc2\x1a\x00\x00\x00\x03\xcc\xff\xff\xca\x8f\
    \x90\xcb\xff\xff\xcb\x03\x00\x00\x76\xff\xff\xa3\x03\x00\x00\x03\xa4\xff\xff\x75\x00\x00\xc9\xff\
    \xf0\x13\x00\x00\x00\x00\x13\xf0\xff\xc8\x00\x11\xf8\xff\xad\x00\x00\x00\x00\x00\x00\xad\xff\xf8\
    \x11\x34\xff\xff\x8f\x00\x00\x00\x00\x00\x00\x8f\xff\xff\x34\x4c\xff\xff\x78\x00\x00\x00\x00\x00\
    \x00\x78\xff\xff\x4c\x4a\xff\xff\x7b\x00\x00\x00\x00\x00\x00\x7b\xff\xff\x4a\x31\xff\xff\x91\x00\
    \x00\x00\x00\x00\x00\x91\xff\xff\x31\x0d\xf5\xff\xb3\x00\x00\x00\x00\x00\x00\xb3\xff\xf5\x0d\x00\
    \xc3\xff\xf5\x1b\x00\x00\x00\x00\x1b\xf5\xff\xc3\x00\x00\x68\xff\xff\xb7\x0d\x00\x00\x0d\xb7\xff\
    \xff\x68\x00\x00\x00\xbd\xff\xff\xdd\xa7\xa8\xdd\xff\xff\xbd\x00\x00\x00\x00\x0e\xad\xfc\xff\xff\
    \xff\xff\xfc\xad\x0e\x00\x00\x00\x00\x00\x00\x33\x84\x9f\x9f\x83\x33\x00\x00\x00\x00\x4a\x74\x68\
    \x00\x3c\x9b\xba\xac\x7d\x11\x00\x00\x00\xa2\xff\xe6\x72\xf8\xff\xff\xff\xff\xe6\x3e\x00\x00\xa2\
    \xff\xf4\xf7\xee\xa6\x84\xb1\xfb\xff\xe8\x16\x00\xa2\xff\xff\xed\x40\x00\x00\x00\x6a\xfd\xff\x86\
    \x00\xa2\xff\xff\x96\x00\x00\x00\x00\x00\xca\xff\xe5\x04\xa2\xff\xff\x3b\x00\x00\x00\x00\x00\x80\
    \xff\xff\x2c\xa2\xff\xfd\x0a\x00\x00\x00\x00\x00\x60\xff\xff\x51\xa2\xff\xee\x00\x00\x00\x00\x00\
    \x00\x46\xff\xff\x70\xa2\xff\xf0\x00\x00\x00\x00\x00\x00\x49\xff\xff\x70\xa2\xff\xfe\x0e\x00\x00\
    \x00\x00\x00\x62\xff\xff\x50\xa2\xff\xff\x44\x00\x00\x00\x00\x00\x86\xff\xff\x29\xa2\xff\xff\xa0\
    \x00\x00\x00\x00\x00\xd2\xff\xe0\x03\xa2\xff\xff\xf4\x54\x00\x00\x00\x80\xfe\xff\x7d\x00\xa2\xff\
    \xf2\xf2\xf6\xbc\x9d\xc7\xfe\xff\xdb\x0f\x00\xa2\xff\xe6\x62\xf3\xff\xff\xff\xff\xc7\x1f\x00\x00\
    \xa2\xff\xe6\x00\x26\x84\xa3\x87\x50\x09\x00\x00\x00\xa2\xff\xe6\x00\x00\x00\x00\x00\x00\x00\x00\
    \x00\x00\xa2\xff\xe6\x00\x00\x00\x00\x00\x00\x00\x00\x00\x00\xa2\xff\xe6\x00\x00\x00\x00\x00\x00\
    \x00\x00\x00\x00\xa2\xff\xe6\x00\x00\x00\x00\x00\x00\x00\x00\x00\x00\x81\xcb\xb7\x00\x00\x00\x00\
    \x00\x00\x00\x00\x00\x00\x00\x00\x00\x01\x60\x9c\xb1\x98\x40\x00\x50\x66\x4e\x00\x00\x1d\xcb\xff\
    \xff\xff\xff\xfc\x86\xc7\xff\xc3\x00\x00\xc9\xff\xff\xc9\x94\xa8\xe9\xfd\xeb\xff\xc3\x00\x57\xff\
    \xff\x9d\x00\x00\x00\x2e\xe1\xff\xff\xc3\x00\xc2\xff\xee\x0d\x00\x00\x00\x00\x75\xff\xff\xc3\x00\
    \xf1\xff\xac\x00\x00\x00\x00\x00\x14\xf7\xff\xc3\x1a\xff\xff\x8e\x00\x00\x00\x00\x00\x00\xe2\xff\
    \xc3\x43\xff\xff\x78\x00\x00\x00\x00\x00\x00\xd0\xff\xc3\x47\xff\xff\x79\x00\x00\x00\x00\x00\x00\
    \xd1\xff\xc3\x1d\xff\xff\x8e\x00\x00\x00\x00\x00\x00\xe2\xff\xc3\x00\xf2\xff\xac\x00\x00\x00\x00\
    \x00\x14\xf7\xff\xc3\x00\xc5\xff\xee\x0e\x00\x00\x00\x00\x75\xff\xff\xc3\x00\x5a\xff\xff\x9e\x00\
    \x00\x00\x2f\xe1\xff\xff\xc3\x00\x00\xc7\xff\xff\xca\x95\xa9\xe9\xfc\xe9\xff\xc3\x00\x00\x13\xb8\
    \xff\xff\xff\xff\xfb\x83\xc7\xff\xc3\x00\x00\x00\x03\x54\x8b\xae\x97\x3e\x00\xc7\xff\xc3\x00\x00\
    \x00\x00\x00\x00\x00\x00\x00\x00\xc7\xff\xc3\x00\x00\x00\x00\x00\x00\x00\x00\x00\x00\xc7\xff\xc3\
    \x00\x00\x00\x00\x00\x00\x00\x00\x00\x00\xc7\xff\xc3\x00\x00\x00\x00\x00\x00\x00\x00\x00\x00\xc7\
    \xff\xc3\x00\x00\x00\x00\x00\x00\x00\x00\x00\x00\xa7\xd5\xa3\x31\x74\x74\x16\x00\x3b\x99\xb7\xb0\
    \x8a\x22\x6c\xff\xff\x30\x91\xfd\xff\xff\xff\xff\xf3\x6c\xff\xff\x8c\xff\xf5\xcc\xab\xbb\xe5\xfd\
    \x6c\xff\xff\xf2\xd0\x34\x00\x00\x00\x0a\x80\x6c\xff\xff\xf1\x20\x00\x00\x00\x00\x00\x00\x6c\xff\
    \xff\x99\x00\x00\x00\x00\x00\x00\x00\x6c\xff\xff\x67\x00\x00\x00\x00\x00\x00\x00\x6c\xff\xff\x44\
    \x00\x00\x00\x00\x00\x00\x00\x6c\xff\xff\x30\x00\x00\x00\x00\x00\x00\x00\x6c\xff\xff\x30\x00\x00\
    \x00\x00\x00\x00\x00\x6c\xff\xff\x30\x00\x00\x00\x00\x00\x00\x00\x6c\xff\xff\x30\x00\x00\x00\x00\
    \x00\x00\x00\x6c\xff\xff\x30\x00\x00\x00\x00\x00\x00\x00\x6c\xff\xff\x30\x00\x00\x00\x00\x00\x00\
    \x00\x6c\xff\xff\x30\x00\x00\x00\x00\x00\x00\x00\x22\x50\x50\x0f\x00\x00\x00\x00\x00\x00\x00\x00\
    \x00\x00\x4b\x94\xae\xbc\xa9\x8f\x47\x01\x00\x00\x11\xbd\xfe\xff\xff\xff\xff\xff\xff\xac\x00\x00\
    \xaa\xff\xfe\xbc\x84\x77\x93\xb7\xf7\xb6\x00\x08\xf6\xff\x9f\x00\x00\x00\x00\x00\x23\x59\x00\x3b\
    \xff\xff\x65\x00\x00\x00\x00\x00\x00\x00\x00\x1f\xff\xff\xa9\x01\x00\x00\x00\x00\x00\x00\x00\x00\
    \xca\xff\xff\xd9\x96\x5c\x1c\x00\x00\x00\x00\x00\x34\xd1\xff\xff\xff\xff\xfd\xcf\x72\x00\x00\x00\
    \x00\x08\x5e\xa6\xd6\xfd\xff\xff\xff\x97\x00\x00\x00\x00\x00\x00\x00\x28\x87\xf4\xff\xfa\x30\x00\
    \x00\x00\x00\x00\x00\x00\x00\x67\xff\xff\x68\x00\x00\x00\x00\x00\x00\x00\x00\x3b\xff\xff\x62\x49\
    \x9b\x34\x00\x00\x00\x00\x01\xa8\xff\xfe\x25\x5a\xff\xfc\xd0\xae\x92\xa0\xd8\xff\xff\x9f\x00\x46\
    \xe6\xff\xff\xff\xff\xff\xff\xf6\x9f\x09\x00\x00\x00\x3b\x7a\x94\xa6\x92\x74\x28\x00\x00\x00\x00\
    \x00\x00\x00\x4e\x92\x8e\x00\x00\x00\x00\x00\x00\x00\x00\x00\x00\x89\xff\xf9\x00\x00\x00\x00\x00\
    \x00\x00\x00\x00\x00\x89\xff\xf9\x00\x00\x00\x00\x00\x00\x00\x00\x00\x00\x89\xff\xf9\x00\x00\x00\
    \x00\x00\x00\x31\x74\x74\x74\xb3\xff\xfb\x74\x74\x74\x74\x74\x3b\x6b\xff\xff\xff\xff\xff\xff\xff\
    \xff\xff\xff\xff\x82\x43\xa0\xa0\xa0\xca\xff\xfc\xa0\xa0\xa0\xa0\xa0\x51\x00\x00\x00\x00\x89\xff\
    \xf9\x00\x00\x00\x00\x00\x00\x00\x00\x00\x00\x89\xff\xf9\x00\x00\x00\x00\x00\x00\x00\x00\x00\x00\
    \x89\xff\xf9\x00\x00\x00\x00\x00\x00\x00\x00\x00\x00\x89\xff\xf9\x00\x00\x00\x00\x00\x00\x00\x00\
    \x00\x00\x89\xff\xf9\x00\x00\x00\x00\x00\x00\x00\x00\x00\x00\x89\xff\xf9\x00\x00\x00\x00\x00\x00\
    \x00\x00\x00\x00\x89\xff\xf9\x00\x00\x00\x00\x00\x00\x00\x00\x00\x00\x84\xff\xfc\x06\x00\x00\x00\
    \x00\x00\x00\x00\x00\x00\x68\xff\xff\x30\x00\x00\x00\x00\x00\x00\x00\x00\x00\x3e\xff\xff\xa8\x09\
    \x00\x00\x00\x00\x00\x00\x00\x00\x00\xbf\xff\xff\xe9\xcd\xc7\xc7\x65\x00\x00\x00\x00\x00\x26\xa9\
    \xf7\xff\xff\xff\xff\x82\x00\x00\x00\x00\x00\x00\x00\x04\x2c\x4c\x50\x50\x29\x3f\x6d\x67\x00\x00\
    \x00\x00\x00\x00\x5a\x6d\x4f\x94\xff\xf0\x00\x00\x00\x00\x00\x00\xd2\xff\xb9\x94\xff\xf0\x00\x00\
    \x00\x00\x00\x00\xd2\xff\xb9\x94\xff\xf0\x00\x00\x00\x00\x00\x00\xd2\xff\xb9\x94\xff\xf0\x00\x00\
    \x00\x00\x00\x00\xd2\xff\xb9\x94\xff\xf0\x00\x00\x00\x00\x00\x00\xd2\xff\xb9\x94\xff\xf0\x00\x00\
    \x00\x00\x00\x00\xd2\xff\xb9\x94\xff\xf0\x00\x00\x00\x00\x00\x00\xd2\xff\xb9\x94\xff\xf0\x00\x00\
    \x00\x00\x00\x00\xd2\xff\xb9\x93\xff\xf1\x00\x00\x00\x00\x00\x00\xdf\xff\xb9\x80\xff\xfd\x0b\x00\
    \x00\x00\x00\x03\xf5\xff\xb9\x66\xff\xff\x45\x00\x00\x00\x00\x66\xff\xff\xb9\x32\xfc\xff\xba\x09\
    \x00\x00\x31\xde\xff\xff\xb9\x00\xbc\xff\xff\xd8\xa8\xba\xf0\xe6\xdb\xff\xb9\x00\x32\xd7\xff\xff\
    \xff\xff\xe4\x45\xd2\xff\xb9\x00\x00\x14\x6d\x99\x9d\x71\x10\x00\x42\x50\x3a\x54\x74\x65\x00\x00\
    \x00\x00\x00\x00\x00\x00\x65\x74\x54\x85\xff\xfc\x2a\x00\x00\x00\x00\x00\x00\x2a\xfc\xff\x85\x27\
    \xfb\xff\x86\x00\x00\x00\x00\x00\x00\x87\xff\xfb\x27\x00\xc4\xff\xd0\x00\x00\x00\x00\x00\x00\xd1\
    \xff\xc4\x00\x00\x75\xff\xfe\x34\x00\x00\x00\x00\x35\xfe\xff\x75\x00\x00\x18\xf5\xff\x8f\x00\x00\
    \x00\x00\x90\xff\xf5\x18\x00\x00\x00\xb7\xff\xd8\x00\x00\x00\x00\xd9\xff\xb7\x00\x00\x00\x00\x64\
    \xff\xff\x3e\x00\x00\x40\xff\xff\x64\x00\x00\x00\x00\x0b\xed\xff\x97\x00\x00\x99\xff\xed\x0b\x00\
    \x00\x00\x00\x00\xa9\xff\xdf\x00\x01\xe1\xff\xa9\x00\x00\x00\x00\x00\x00\x52\xff\xff\x49\x4c\xff\
    \xff\x52\x00\x00\x00\x00\x00\x00\x02\xe3\xff\xa0\xa2\xff\xe3\x02\x00\x00\x00\x00\x00\x00\x00\x9a\
    \xff\xe6\xe8\xff\x9a\x00\x00\x00\x00\x00\x00\x00\x00\x3f\xff\xff\xff\xff\x3f\x00\x00\x00\x00\x00\
    \x00\x00\x00\x00\xd7\xff\xff\xd7\x00\x00\x00\x00\x00\x00\x00\x00\x00\x00\x36\x50\x50\x36\x00\x00\
    \x00\x00\x00\x70\x74\x3c\x00\x00\x00\x00\x00\x00\x00\x00\x00\x00\x3c\x74\x70\xda\xff\xa4\x00\x00\
    \x00\x00\x00\x00\x00\x00\x00\x00\xa4\xff\xda\xaa\xff\xd1\x00\x00\x00\x00\x00\x00\x00\x00\x00\x00\
    \xd1\xff\xaa\x75\xff\xf7\x0c\x00\x00\x00\x00\x00\x00\x00\x00\x0c\xf7\xff\x75\x32\xff\xff\x4c\x00\
    \x00\x05\x2d\x2d\x03\x00\x00\x4c\xff\xff\x32\x00\xe7\xff\x85\x00\x00\x4f\xff\xff\x48\x00\x00\x85\
    \xff\xe7\x00\x00\xb8\xff\xb4\x00\x00\x94\xff\xff\x90\x00\x00\xb4\xff\xb8\x00\x00\x84\xff\xe0\x00\
    \x00\xcf\xee\xf0\xcc\x00\x00\xe0\xff\x84\x00\x00\x46\xff\xfe\x21\x1d\xfb\xb6\xb8\xfa\x1a\x21\xfe\
    \xff\x46\x00\x00\x06\xf2\xff\x62\x6c\xff\x74\x77\xff\x69\x62\xff\xf2\x06\x00\x00\x00\xc5\xff\x96\
    \xac\xfc\x23\x25\xfc\xab\x96\xff\xc5\x00\x00\x00\x00\x93\xff\xc4\xe4\xd1\x00\x00\xd2\xe3\xc4\xff\
    \x93\x00\x00\x00\x00\x59\xff\xf7\xff\x93\x00\x00\x94\xff\xf7\xff\x59\x00\x00\x00\x00\x14\xf9\xff\
    \xff\x49\x00\x00\x4a\xff\xff\xf9\x14\x00\x00\x00\x00\x00\xd2\xff\xea\x03\x00\x00\x03\xea\xff\xd2\
    \x00\x00\x00\x00\x00\x00\x39\x50\x3f\x00\x00\x00\x00\x3f\x50\x39\x00\x00\x00\x3a\x74\x74\x2c\x00\
    \x00\x00\x00\x00\x00\x31\x74\x74\x3a\x1b\xe1\xff\xce\x09\x00\x00\x00\x00\x0d\xd3\xff\xe1\x1b\x00\
    \x48\xf8\xff\x97\x00\x00\x00\x00\x9e\xff\xf8\x48\x00\x00\x00\x81\xff\xfc\x59\x00\x00\x5f\xfd\xff\
    \x81\x00\x00\x00\x00\x00\xb9\xff\xe9\x25\x28\xeb\xff\xb9\x00\x00\x00\x00\x00\x00\x1c\xe2\xff\xc2\
    \xc4\xff\xe2\x1c\x00\x00\x00\x00\x00\x00\x00\x4a\xf8\xff\xff\xf8\x4a\x00\x00\x00\x00\x00\x00\x00\
    \x00\x00\x9b\xff\xff\x9b\x00\x00\x00\x00\x00\x00\x00\x00\x00\x29\xea\xff\xff\xea\x29\x00\x00\x00\
    \x00\x00\x00\x00\x06\xc8\xff\xe3\xe5\xff\xc8\x06\x00\x00\x00\x00\x00\x00\x95\xff\xfa\x50\x52\xfb\
    \xff\x95\x00\x00\x00\x00\x00\x5c\xfc\xff\x8e\x00\x00\x90\xff\xfc\x5c\x00\x00\x00\x2b\xeb\xff\xc8\
    \x05\x00\x00\x06\xc9\xff\xeb\x2b\x00\x08\xca\xff\xed\x2b\x00\x00\x00\x00\x2c\xed\xff\xca\x08\x98\
    \xff\xfe\x63\x00\x00\x00\x00\x00\x00\x63\xfe\xff\x98\x4d\x50\x46\x00\x00\x00\x00\x00\x00\x00\x00\
    \x46\x50\x4d\x4f\x74\x6f\x00\x00\x00\x00\x00\x00\x00\x00\x53\x74\x6b\x71\xff\xff\x4f\x00\x00\x00\
    \x00\x00\x00\x06\xe7\xff\xb9\x0f\xee\xff\xab\x00\x00\x00\x00\x00\x00\x5f\xff\xff\x5e\x00\xa3\xff\
    \xf1\x13\x00\x00\x00\x00\x00\xb6\xff\xe4\x05\x00\x40\xfe\xff\x73\x00\x00\x00\x00\x1c\xf6\xff\x95\
    \x00\x00\x00\xd0\xff\xc8\x00\x00\x00\x00\x7d\xff\xfc\x31\x00\x00\x00\x7a\xff\xfd\x32\x00\x00\x00\
    \xcf\xff\xc5\x00\x00\x00\x00\x16\xf2\xff\x94\x00\x00\x39\xfe\xff\x6e\x00\x00\x00\x00\x00\xab\xff\
    \xe2\x03\x00\x99\xff\xed\x0e\x00\x00\x00\x00\x00\x4a\xff\xff\x58\x05\xe5\xff\xa2\x00\x00\x00\x00\
    \x00\x00\x00\xd7\xff\xb2\x5b\xff\xfe\x41\x00\x00\x00\x00\x00\x00\x00\x82\xff\xf5\xbc\xff\xd1\x00\
    \x00\x00\x00\x00\x00\x00\x00\x1d\xf6\xff\xff\xff\x7e\x00\x00\x00\x00\x00\x00\x00\x00\x00\xb2\xff\
    \xff\xf6\x1c\x00\x00\x00\x00\x00\x00\x00\x00\x00\x54\xff\xff\xb6\x00\x00\x00\x00\x00\x00\x00\x00\
    \x00\x00\x5e\xff\xff\x5c\x00\x00\x00\x00\x00\x00\x00\x00\x00\x00\xbc\xff\xe3\x04\x00\x00\x00\x00\
    \x00\x00\x00\x00\x00\x4b\xfc\xff\x8e\x00\x00\x00\x00\x00\x00\x00\x46\x64\x84\xe8\xff\xf0\x20\x00\
    \x00\x00\x00\x00\x00\x00\xb3\xff\xff\xff\xf8\x66\x00\x00\x00\x00\x00\x00\x00\x00\x8f\xcb\xc6\xa5\
    \x41\x00\x00\x00\x00\x00\x00\x00\x00\x0f\x7a\x7a\x7a\x7a\x7a\x7a\x7a\x7a\x7a\x7a\x4a\x1f\xff\xff\
    \xff\xff\xff\xff\xff\xff\xff\xff\x9a\x14\xa5\xa5\xa5\xa5\xa5\xa5\xa5\xb9\xff\xff\x97\x00\x00\x00\
    \x00\x00\x00\x00\x10\xd2\xff\xe8\x28\x00\x00\x00\x00\x00\x00\x00\xac\xff\xf8\x4d\x00\x00\x00\x00\
    \x00\x00\x00\x7f\xff\xff\x79\x00\x00\x00\x00\x00\x00\x00\x53\xf9\xff\xa6\x00\x00\x00\x00\x00\x00\
    \x00\x2d\xea\xff\xcd\x0c\x00\x00\x00\x00\x00\x00\x0f\xd1\xff\xe8\x29\x00\x00\x00\x00\x00\x00\x00\
    \xab\xff\xf8\x4e\x00\x00\x00\x00\x00\x00\x00\x7e\xff\xff\x79\x00\x00\x00\x00\x00\x00\x00\x51\xf9\
    \xff\xa7\x00\x00\x00\x00\x00\x00\x00\x2c\xea\xff\xcd\x0c\x00\x00\x00\x00\x00\x00\x00\x7c\xff\xff\
    \xdb\xcf\xcf\xcf\xcf\xcf\xcf\xcf\x7d\x7c\xff\xff\xff\xff\xff\xff\xff\xff\xff\xff\x9a\x27\x50\x50\
    \x50\x50\x50\x50\x50\x50\x50\x50\x30\x00\x00\x00\x00\x00\x02\x71\xc3\xe8\xf5\xfd\x3b\x00\x00\x00\
    \x00\x00\x74\xff\xff\xff\xf3\xe6\x35\x00\x00\x00\x00\x00\xde\xff\xe0\x3b\x00\x00\x00\x00\x00\x00\
    \x00\x05\xfa\xff\x8e\x00\x00\x00\x00\x00\x00\x00\x00\x2c\xff\xff\x74\x00\x00\x00\x00\x00\x00\x00\
    \x00\x38\xff\xff\x6c\x00\x00\x00\x00\x00\x00\x00\x00\x38\xff\xff\x6c\x00\x00\x00\x00\x00\x00\x00\
    \x00\x38\xff\xff\x6c\x00\x00\x00\x00\x00\x00\x00\x00\x4c\xff\xff\x62\x00\x00\x00\x00\x00\x00\x00\
    \x00\x73\xff\xff\x4a\x00\x00\x00\x00\x00\x00\x00\x2a\xd8\xff\xeb\x09\x00\x00\x00\x00\x2d\xc2\xd4\
    \xf6\xff\xf0\x5f\x00\x00\x00\x00\x00\x3b\xff\xff\xff\xf8\x8e\x0d\x00\x00\x00\x00\x00\x11\x4c\x66\
    \xa5\xfb\xff\xb4\x00\x00\x00\x00\x00\x00\x00\x00\x00\xa3\xff\xfc\x2a\x00\x00\x00\x00\x00\x00\x00\
    \x00\x5c\xff\xff\x56\x00\x00\x00\x00\x00\x00\x00\x00\x3f\xff\xff\x6a\x00\x00\x00\x00\x00\x00\x00\
    \x00\x38\xff\xff\x6c\x00\x00\x00\x00\x00\x00\x00\x00\x38\xff\xff\x6c\x00\x00\x00\x00\x00\x00\x00\
    \x00\x37\xff\xff\x6d\x00\x00\x00\x00\x00\x00\x00\x00\x18\xff\xff\x7e\x00\x00\x00\x00\x00\x00\x00\
    \x00\x00\xf0\xff\xac\x00\x00\x00\x00\x00\x00\x00\x00\x00\xb8\xff\xfb\xb0\x84\x74\x1b\x00\x00\x00\
    \x00\x00\x34\xe2\xff\xff\xff\xff\x3b\x00\x00\x00\x00\x00\x00\x0e\x59\x89\x99\xa2\x26\x0b\x33\x33\
    \x0a\x38\xff\xff\x34\x38\xff\xff\x34\x38\xff\xff\x34\x38\xff\xff\x34\x38\xff\xff\x34\x38\xff\xff\
    \x34\x38\xff\xff\x34\x38\xff\xff\x34\x38\xff\xff\x34\x38\xff\xff\x34\x38\xff\xff\x34\x38\xff\xff\
    \x34\x38\xff\xff\x34\x38\xff\xff\x34\x38\xff\xff\x34\x38\xff\xff\x34\x38\xff\xff\x34\x38\xff\xff\
    \x34\x38\xff\xff\x34\x38\xff\xff\x34\x38\xff\xff\x34\x38\xff\xff\x34\x38\xff\xff\x34\x38\xff\xff\
    \x34\x38\xff\xff\x34\x38\xff\xff\x34\x21\x94\x94\x1e\x3b\xfd\xf5\xe8\xc2\x6d\x01\x00\x00\x00\x00\
    \x00\x35\xe6\xf3\xff\xff\xff\x6b\x00\x00\x00\x00\x00\x00\x00\x00\x3e\xe1\xff\xd7\x00\x00\x00\x00\
    \x00\x00\x00\x00\x00\x8f\xff\xf3\x00\x00\x00\x00\x00\x00\x00\x00\x00\x74\xff\xff\x1d\x00\x00\x00\
    \x00\x00\x00\x00\x00\x6c\xff\xff\x2b\x00\x00\x00\x00\x00\x00\x00\x00\x6c\xff\xff\x2b\x00\x00\x00\
    \x00\x00\x00\x00\x00\x6c\xff\xff\x2b\x00\x00\x00\x00\x00\x00\x00\x00\x62\xff\xff\x40\x00\x00\x00\
    \x00\x00\x00\x00\x00\x4a\xff\xff\x6a\x00\x00\x00\x00\x00\x00\x00\x00\x09\xeb\xff\xd3\x27\x00\x00\
    \x00\x00\x00\x00\x00\x00\x5f\xf0\xff\xf5\xd4\xc1\x2d\x00\x00\x00\x00\x00\x0d\x8e\xf8\xff\xff\xff\
    \x3b\x00\x00\x00\x00\x00\xb4\xff\xf9\xa1\x65\x4c\x11\x00\x00\x00\x00\x2a\xfc\xff\x9a\x00\x00\x00\
    \x00\x00\x00\x00\x00\x56\xff\xff\x51\x00\x00\x00\x00\x00\x00\x00\x00\x6a\xff\xff\x32\x00\x00\x00\
    \x00\x00\x00\x00\x00\x6c\xff\xff\x2b\x00\x00\x00\x00\x00\x00\x00\x00\x6c\xff\xff\x2b\x00\x00\x00\
    \x00\x00\x00\x00\x00\x6d\xff\xff\x29\x00\x00\x00\x00\x00\x00\x00\x00\x7f\xff\xfc\x0b\x00\x00\x00\
    \x00\x00\x00\x00\x00\xae\xff\xe9\x00\x00\x00\x00\x00\x1b\x75\x85\xb2\xfb\xff\xb1\x00\x00\x00\x00\
    \x00\x3b\xff\xff\xff\xff\xe0\x2d\x00\x00\x00\x00\x00\x26\xa2\x98\x88\x57\x0c\x00\x00\x00\x00\x00\
    \x00\x00\x58\xb8\xdc\xe8\xce\x8a\x29\x00\x00\x00\x00\x31\xa6\xaf\xfe\xff\xff\xff\xff\xff\xfa\xbe\
    \x8a\x83\xb2\xf3\xe4\xe4\xea\x9f\x70\x6b\x96\xdd\xff\xff\xff\xff\xff\xfb\x9c\x92\x1f\x00\x00\x00\
    \x00\x00\x4f\xa6\xcf\xca\xa4\x44\x00\
    ";
